W0321 03:30:11.126000 395254 torch/distributed/run.py:803] 
W0321 03:30:11.126000 395254 torch/distributed/run.py:803] *****************************************
W0321 03:30:11.126000 395254 torch/distributed/run.py:803] Setting OMP_NUM_THREADS environment variable for each process to be 1 in default, to avoid your system being overloaded, please further tune the variable for optimal performance in your application as needed. 
W0321 03:30:11.126000 395254 torch/distributed/run.py:803] *****************************************
logs/478cae80-ab9a-4549-bb79-49301748d559.txt
val_bpb:enabled tokenizer_kind=sentencepiece tokenizer_path=./data/tokenizers/fineweb_1024_bpe.model
train_loader:dataset:fineweb10B_sp1024 train_shards:80
val_loader:shards pattern=./data/datasets/fineweb10B_sp1024/fineweb_val_*.bin tokens:62021632
model_params:26829913
world_size:8 grad_accum_steps:1
sdp_backends:cudnn=False flash=True mem_efficient=False math=False
attention_mode:gqa num_heads:8 num_kv_heads:4
tie_embeddings:True embed_lr:0.035 head_lr:0.0 matrix_lr:0.025 scalar_lr:0.025
train_batch_tokens:524288 train_seq_len:2048 iterations:20000 warmup_steps:20 max_wallclock_seconds:600.000
seed:1337
[rank5]:E0321 03:30:29.396000 395327 torch/_subclasses/fake_tensor.py:2759] [0/0] failed while attempting to run meta for aten.mul.Tensor
[rank5]:E0321 03:30:29.396000 395327 torch/_subclasses/fake_tensor.py:2759] [0/0] Traceback (most recent call last):
[rank5]:E0321 03:30:29.396000 395327 torch/_subclasses/fake_tensor.py:2759] [0/0]   File "/usr/local/lib/python3.12/dist-packages/torch/_subclasses/fake_tensor.py", line 2755, in _dispatch_impl
[rank5]:E0321 03:30:29.396000 395327 torch/_subclasses/fake_tensor.py:2759] [0/0]     r = func(*args, **kwargs)
[rank5]:E0321 03:30:29.396000 395327 torch/_subclasses/fake_tensor.py:2759] [0/0]         ^^^^^^^^^^^^^^^^^^^^^
[rank5]:E0321 03:30:29.396000 395327 torch/_subclasses/fake_tensor.py:2759] [0/0]   File "/usr/local/lib/python3.12/dist-packages/torch/_ops.py", line 841, in __call__
[rank5]:E0321 03:30:29.396000 395327 torch/_subclasses/fake_tensor.py:2759] [0/0]     return self._op(*args, **kwargs)
[rank5]:E0321 03:30:29.396000 395327 torch/_subclasses/fake_tensor.py:2759] [0/0]            ^^^^^^^^^^^^^^^^^^^^^^^^^
[rank5]:E0321 03:30:29.396000 395327 torch/_subclasses/fake_tensor.py:2759] [0/0]   File "/usr/local/lib/python3.12/dist-packages/torch/_prims_common/wrappers.py", line 309, in _fn
[rank5]:E0321 03:30:29.396000 395327 torch/_subclasses/fake_tensor.py:2759] [0/0]     result = fn(*args, **kwargs)
[rank5]:E0321 03:30:29.396000 395327 torch/_subclasses/fake_tensor.py:2759] [0/0]              ^^^^^^^^^^^^^^^^^^^
[rank5]:E0321 03:30:29.396000 395327 torch/_subclasses/fake_tensor.py:2759] [0/0]   File "/usr/local/lib/python3.12/dist-packages/torch/_compile.py", line 53, in inner
[rank5]:E0321 03:30:29.396000 395327 torch/_subclasses/fake_tensor.py:2759] [0/0]     return disable_fn(*args, **kwargs)
[rank5]:E0321 03:30:29.396000 395327 torch/_subclasses/fake_tensor.py:2759] [0/0]            ^^^^^^^^^^^^^^^^^^^^^^^^^^^
[rank5]:E0321 03:30:29.396000 395327 torch/_subclasses/fake_tensor.py:2759] [0/0]   File "/usr/local/lib/python3.12/dist-packages/torch/_dynamo/eval_frame.py", line 1044, in _fn
[rank5]:E0321 03:30:29.396000 395327 torch/_subclasses/fake_tensor.py:2759] [0/0]     return fn(*args, **kwargs)
[rank5]:E0321 03:30:29.396000 395327 torch/_subclasses/fake_tensor.py:2759] [0/0]            ^^^^^^^^^^^^^^^^^^^
[rank5]:E0321 03:30:29.396000 395327 torch/_subclasses/fake_tensor.py:2759] [0/0]   File "/usr/local/lib/python3.12/dist-packages/torch/_prims_common/wrappers.py", line 149, in _fn
[rank5]:E0321 03:30:29.396000 395327 torch/_subclasses/fake_tensor.py:2759] [0/0]     result = fn(**bound.arguments)
[rank5]:E0321 03:30:29.396000 395327 torch/_subclasses/fake_tensor.py:2759] [0/0]              ^^^^^^^^^^^^^^^^^^^^^
[rank5]:E0321 03:30:29.396000 395327 torch/_subclasses/fake_tensor.py:2759] [0/0]   File "/usr/local/lib/python3.12/dist-packages/torch/_refs/__init__.py", line 1138, in _ref
[rank5]:E0321 03:30:29.396000 395327 torch/_subclasses/fake_tensor.py:2759] [0/0]     a, b = _maybe_broadcast(a, b)
[rank5]:E0321 03:30:29.396000 395327 torch/_subclasses/fake_tensor.py:2759] [0/0]            ^^^^^^^^^^^^^^^^^^^^^^
[rank5]:E0321 03:30:29.396000 395327 torch/_subclasses/fake_tensor.py:2759] [0/0]   File "/usr/local/lib/python3.12/dist-packages/torch/_refs/__init__.py", line 448, in _maybe_broadcast
[rank5]:E0321 03:30:29.396000 395327 torch/_subclasses/fake_tensor.py:2759] [0/0]     common_shape = _broadcast_shapes(
[rank5]:E0321 03:30:29.396000 395327 torch/_subclasses/fake_tensor.py:2759] [0/0]                    ^^^^^^^^^^^^^^^^^^
[rank5]:E0321 03:30:29.396000 395327 torch/_subclasses/fake_tensor.py:2759] [0/0]   File "/usr/local/lib/python3.12/dist-packages/torch/_refs/__init__.py", line 436, in _broadcast_shapes
[rank5]:E0321 03:30:29.396000 395327 torch/_subclasses/fake_tensor.py:2759] [0/0]     torch._check(
[rank5]:E0321 03:30:29.396000 395327 torch/_subclasses/fake_tensor.py:2759] [0/0]   File "/usr/local/lib/python3.12/dist-packages/torch/__init__.py", line 1695, in _check
[rank5]:E0321 03:30:29.396000 395327 torch/_subclasses/fake_tensor.py:2759] [0/0]     _check_with(RuntimeError, cond, message)
[rank5]:E0321 03:30:29.396000 395327 torch/_subclasses/fake_tensor.py:2759] [0/0]   File "/usr/local/lib/python3.12/dist-packages/torch/__init__.py", line 1677, in _check_with
[rank5]:E0321 03:30:29.396000 395327 torch/_subclasses/fake_tensor.py:2759] [0/0]     raise error_type(message_evaluated)
[rank5]:E0321 03:30:29.396000 395327 torch/_subclasses/fake_tensor.py:2759] [0/0] RuntimeError: Attempting to broadcast a dimension of length 2048 at -2! Mismatching argument at index 1 had torch.Size([1, 1, 2048, 32]); but expected shape should be broadcastable to [32, 2048, 8, 32]
[rank4]:E0321 03:30:29.397000 395326 torch/_subclasses/fake_tensor.py:2759] [0/0] failed while attempting to run meta for aten.mul.Tensor
[rank4]:E0321 03:30:29.397000 395326 torch/_subclasses/fake_tensor.py:2759] [0/0] Traceback (most recent call last):
[rank4]:E0321 03:30:29.397000 395326 torch/_subclasses/fake_tensor.py:2759] [0/0]   File "/usr/local/lib/python3.12/dist-packages/torch/_subclasses/fake_tensor.py", line 2755, in _dispatch_impl
[rank4]:E0321 03:30:29.397000 395326 torch/_subclasses/fake_tensor.py:2759] [0/0]     r = func(*args, **kwargs)
[rank4]:E0321 03:30:29.397000 395326 torch/_subclasses/fake_tensor.py:2759] [0/0]         ^^^^^^^^^^^^^^^^^^^^^
[rank4]:E0321 03:30:29.397000 395326 torch/_subclasses/fake_tensor.py:2759] [0/0]   File "/usr/local/lib/python3.12/dist-packages/torch/_ops.py", line 841, in __call__
[rank4]:E0321 03:30:29.397000 395326 torch/_subclasses/fake_tensor.py:2759] [0/0]     return self._op(*args, **kwargs)
[rank4]:E0321 03:30:29.397000 395326 torch/_subclasses/fake_tensor.py:2759] [0/0]            ^^^^^^^^^^^^^^^^^^^^^^^^^
[rank4]:E0321 03:30:29.397000 395326 torch/_subclasses/fake_tensor.py:2759] [0/0]   File "/usr/local/lib/python3.12/dist-packages/torch/_prims_common/wrappers.py", line 309, in _fn
[rank4]:E0321 03:30:29.397000 395326 torch/_subclasses/fake_tensor.py:2759] [0/0]     result = fn(*args, **kwargs)
[rank4]:E0321 03:30:29.397000 395326 torch/_subclasses/fake_tensor.py:2759] [0/0]              ^^^^^^^^^^^^^^^^^^^
[rank4]:E0321 03:30:29.397000 395326 torch/_subclasses/fake_tensor.py:2759] [0/0]   File "/usr/local/lib/python3.12/dist-packages/torch/_compile.py", line 53, in inner
[rank4]:E0321 03:30:29.397000 395326 torch/_subclasses/fake_tensor.py:2759] [0/0]     return disable_fn(*args, **kwargs)
[rank4]:E0321 03:30:29.397000 395326 torch/_subclasses/fake_tensor.py:2759] [0/0]            ^^^^^^^^^^^^^^^^^^^^^^^^^^^
[rank4]:E0321 03:30:29.397000 395326 torch/_subclasses/fake_tensor.py:2759] [0/0]   File "/usr/local/lib/python3.12/dist-packages/torch/_dynamo/eval_frame.py", line 1044, in _fn
[rank4]:E0321 03:30:29.397000 395326 torch/_subclasses/fake_tensor.py:2759] [0/0]     return fn(*args, **kwargs)
[rank4]:E0321 03:30:29.397000 395326 torch/_subclasses/fake_tensor.py:2759] [0/0]            ^^^^^^^^^^^^^^^^^^^
[rank4]:E0321 03:30:29.397000 395326 torch/_subclasses/fake_tensor.py:2759] [0/0]   File "/usr/local/lib/python3.12/dist-packages/torch/_prims_common/wrappers.py", line 149, in _fn
[rank4]:E0321 03:30:29.397000 395326 torch/_subclasses/fake_tensor.py:2759] [0/0]     result = fn(**bound.arguments)
[rank4]:E0321 03:30:29.397000 395326 torch/_subclasses/fake_tensor.py:2759] [0/0]              ^^^^^^^^^^^^^^^^^^^^^
[rank4]:E0321 03:30:29.397000 395326 torch/_subclasses/fake_tensor.py:2759] [0/0]   File "/usr/local/lib/python3.12/dist-packages/torch/_refs/__init__.py", line 1138, in _ref
[rank4]:E0321 03:30:29.397000 395326 torch/_subclasses/fake_tensor.py:2759] [0/0]     a, b = _maybe_broadcast(a, b)
[rank4]:E0321 03:30:29.397000 395326 torch/_subclasses/fake_tensor.py:2759] [0/0]            ^^^^^^^^^^^^^^^^^^^^^^
[rank4]:E0321 03:30:29.397000 395326 torch/_subclasses/fake_tensor.py:2759] [0/0]   File "/usr/local/lib/python3.12/dist-packages/torch/_refs/__init__.py", line 448, in _maybe_broadcast
[rank4]:E0321 03:30:29.397000 395326 torch/_subclasses/fake_tensor.py:2759] [0/0]     common_shape = _broadcast_shapes(
[rank4]:E0321 03:30:29.397000 395326 torch/_subclasses/fake_tensor.py:2759] [0/0]                    ^^^^^^^^^^^^^^^^^^
[rank4]:E0321 03:30:29.397000 395326 torch/_subclasses/fake_tensor.py:2759] [0/0]   File "/usr/local/lib/python3.12/dist-packages/torch/_refs/__init__.py", line 436, in _broadcast_shapes
[rank4]:E0321 03:30:29.397000 395326 torch/_subclasses/fake_tensor.py:2759] [0/0]     torch._check(
[rank4]:E0321 03:30:29.397000 395326 torch/_subclasses/fake_tensor.py:2759] [0/0]   File "/usr/local/lib/python3.12/dist-packages/torch/__init__.py", line 1695, in _check
[rank4]:E0321 03:30:29.397000 395326 torch/_subclasses/fake_tensor.py:2759] [0/0]     _check_with(RuntimeError, cond, message)
[rank4]:E0321 03:30:29.397000 395326 torch/_subclasses/fake_tensor.py:2759] [0/0]   File "/usr/local/lib/python3.12/dist-packages/torch/__init__.py", line 1677, in _check_with
[rank4]:E0321 03:30:29.397000 395326 torch/_subclasses/fake_tensor.py:2759] [0/0]     raise error_type(message_evaluated)
[rank4]:E0321 03:30:29.397000 395326 torch/_subclasses/fake_tensor.py:2759] [0/0] RuntimeError: Attempting to broadcast a dimension of length 2048 at -2! Mismatching argument at index 1 had torch.Size([1, 1, 2048, 32]); but expected shape should be broadcastable to [32, 2048, 8, 32]
[rank2]:E0321 03:30:29.402000 395324 torch/_subclasses/fake_tensor.py:2759] [0/0] failed while attempting to run meta for aten.mul.Tensor
[rank2]:E0321 03:30:29.402000 395324 torch/_subclasses/fake_tensor.py:2759] [0/0] Traceback (most recent call last):
[rank2]:E0321 03:30:29.402000 395324 torch/_subclasses/fake_tensor.py:2759] [0/0]   File "/usr/local/lib/python3.12/dist-packages/torch/_subclasses/fake_tensor.py", line 2755, in _dispatch_impl
[rank2]:E0321 03:30:29.402000 395324 torch/_subclasses/fake_tensor.py:2759] [0/0]     r = func(*args, **kwargs)
[rank2]:E0321 03:30:29.402000 395324 torch/_subclasses/fake_tensor.py:2759] [0/0]         ^^^^^^^^^^^^^^^^^^^^^
[rank2]:E0321 03:30:29.402000 395324 torch/_subclasses/fake_tensor.py:2759] [0/0]   File "/usr/local/lib/python3.12/dist-packages/torch/_ops.py", line 841, in __call__
[rank2]:E0321 03:30:29.402000 395324 torch/_subclasses/fake_tensor.py:2759] [0/0]     return self._op(*args, **kwargs)
[rank2]:E0321 03:30:29.402000 395324 torch/_subclasses/fake_tensor.py:2759] [0/0]            ^^^^^^^^^^^^^^^^^^^^^^^^^
[rank2]:E0321 03:30:29.402000 395324 torch/_subclasses/fake_tensor.py:2759] [0/0]   File "/usr/local/lib/python3.12/dist-packages/torch/_prims_common/wrappers.py", line 309, in _fn
[rank2]:E0321 03:30:29.402000 395324 torch/_subclasses/fake_tensor.py:2759] [0/0]     result = fn(*args, **kwargs)
[rank2]:E0321 03:30:29.402000 395324 torch/_subclasses/fake_tensor.py:2759] [0/0]              ^^^^^^^^^^^^^^^^^^^
[rank2]:E0321 03:30:29.402000 395324 torch/_subclasses/fake_tensor.py:2759] [0/0]   File "/usr/local/lib/python3.12/dist-packages/torch/_compile.py", line 53, in inner
[rank2]:E0321 03:30:29.402000 395324 torch/_subclasses/fake_tensor.py:2759] [0/0]     return disable_fn(*args, **kwargs)
[rank2]:E0321 03:30:29.402000 395324 torch/_subclasses/fake_tensor.py:2759] [0/0]            ^^^^^^^^^^^^^^^^^^^^^^^^^^^
[rank2]:E0321 03:30:29.402000 395324 torch/_subclasses/fake_tensor.py:2759] [0/0]   File "/usr/local/lib/python3.12/dist-packages/torch/_dynamo/eval_frame.py", line 1044, in _fn
[rank2]:E0321 03:30:29.402000 395324 torch/_subclasses/fake_tensor.py:2759] [0/0]     return fn(*args, **kwargs)
[rank2]:E0321 03:30:29.402000 395324 torch/_subclasses/fake_tensor.py:2759] [0/0]            ^^^^^^^^^^^^^^^^^^^
[rank2]:E0321 03:30:29.402000 395324 torch/_subclasses/fake_tensor.py:2759] [0/0]   File "/usr/local/lib/python3.12/dist-packages/torch/_prims_common/wrappers.py", line 149, in _fn
[rank2]:E0321 03:30:29.402000 395324 torch/_subclasses/fake_tensor.py:2759] [0/0]     result = fn(**bound.arguments)
[rank2]:E0321 03:30:29.402000 395324 torch/_subclasses/fake_tensor.py:2759] [0/0]              ^^^^^^^^^^^^^^^^^^^^^
[rank2]:E0321 03:30:29.402000 395324 torch/_subclasses/fake_tensor.py:2759] [0/0]   File "/usr/local/lib/python3.12/dist-packages/torch/_refs/__init__.py", line 1138, in _ref
[rank2]:E0321 03:30:29.402000 395324 torch/_subclasses/fake_tensor.py:2759] [0/0]     a, b = _maybe_broadcast(a, b)
[rank2]:E0321 03:30:29.402000 395324 torch/_subclasses/fake_tensor.py:2759] [0/0]            ^^^^^^^^^^^^^^^^^^^^^^
[rank2]:E0321 03:30:29.402000 395324 torch/_subclasses/fake_tensor.py:2759] [0/0]   File "/usr/local/lib/python3.12/dist-packages/torch/_refs/__init__.py", line 448, in _maybe_broadcast
[rank2]:E0321 03:30:29.402000 395324 torch/_subclasses/fake_tensor.py:2759] [0/0]     common_shape = _broadcast_shapes(
[rank2]:E0321 03:30:29.402000 395324 torch/_subclasses/fake_tensor.py:2759] [0/0]                    ^^^^^^^^^^^^^^^^^^
[rank2]:E0321 03:30:29.402000 395324 torch/_subclasses/fake_tensor.py:2759] [0/0]   File "/usr/local/lib/python3.12/dist-packages/torch/_refs/__init__.py", line 436, in _broadcast_shapes
[rank2]:E0321 03:30:29.402000 395324 torch/_subclasses/fake_tensor.py:2759] [0/0]     torch._check(
[rank2]:E0321 03:30:29.402000 395324 torch/_subclasses/fake_tensor.py:2759] [0/0]   File "/usr/local/lib/python3.12/dist-packages/torch/__init__.py", line 1695, in _check
[rank2]:E0321 03:30:29.402000 395324 torch/_subclasses/fake_tensor.py:2759] [0/0]     _check_with(RuntimeError, cond, message)
[rank2]:E0321 03:30:29.402000 395324 torch/_subclasses/fake_tensor.py:2759] [0/0]   File "/usr/local/lib/python3.12/dist-packages/torch/__init__.py", line 1677, in _check_with
[rank2]:E0321 03:30:29.402000 395324 torch/_subclasses/fake_tensor.py:2759] [0/0]     raise error_type(message_evaluated)
[rank2]:E0321 03:30:29.402000 395324 torch/_subclasses/fake_tensor.py:2759] [0/0] RuntimeError: Attempting to broadcast a dimension of length 2048 at -2! Mismatching argument at index 1 had torch.Size([1, 1, 2048, 32]); but expected shape should be broadcastable to [32, 2048, 8, 32]
[rank3]:E0321 03:30:29.403000 395325 torch/_subclasses/fake_tensor.py:2759] [0/0] failed while attempting to run meta for aten.mul.Tensor
[rank3]:E0321 03:30:29.403000 395325 torch/_subclasses/fake_tensor.py:2759] [0/0] Traceback (most recent call last):
[rank3]:E0321 03:30:29.403000 395325 torch/_subclasses/fake_tensor.py:2759] [0/0]   File "/usr/local/lib/python3.12/dist-packages/torch/_subclasses/fake_tensor.py", line 2755, in _dispatch_impl
[rank3]:E0321 03:30:29.403000 395325 torch/_subclasses/fake_tensor.py:2759] [0/0]     r = func(*args, **kwargs)
[rank3]:E0321 03:30:29.403000 395325 torch/_subclasses/fake_tensor.py:2759] [0/0]         ^^^^^^^^^^^^^^^^^^^^^
[rank3]:E0321 03:30:29.403000 395325 torch/_subclasses/fake_tensor.py:2759] [0/0]   File "/usr/local/lib/python3.12/dist-packages/torch/_ops.py", line 841, in __call__
[rank3]:E0321 03:30:29.403000 395325 torch/_subclasses/fake_tensor.py:2759] [0/0]     return self._op(*args, **kwargs)
[rank3]:E0321 03:30:29.403000 395325 torch/_subclasses/fake_tensor.py:2759] [0/0]            ^^^^^^^^^^^^^^^^^^^^^^^^^
[rank3]:E0321 03:30:29.403000 395325 torch/_subclasses/fake_tensor.py:2759] [0/0]   File "/usr/local/lib/python3.12/dist-packages/torch/_prims_common/wrappers.py", line 309, in _fn
[rank3]:E0321 03:30:29.403000 395325 torch/_subclasses/fake_tensor.py:2759] [0/0]     result = fn(*args, **kwargs)
[rank3]:E0321 03:30:29.403000 395325 torch/_subclasses/fake_tensor.py:2759] [0/0]              ^^^^^^^^^^^^^^^^^^^
[rank3]:E0321 03:30:29.403000 395325 torch/_subclasses/fake_tensor.py:2759] [0/0]   File "/usr/local/lib/python3.12/dist-packages/torch/_compile.py", line 53, in inner
[rank3]:E0321 03:30:29.403000 395325 torch/_subclasses/fake_tensor.py:2759] [0/0]     return disable_fn(*args, **kwargs)
[rank3]:E0321 03:30:29.403000 395325 torch/_subclasses/fake_tensor.py:2759] [0/0]            ^^^^^^^^^^^^^^^^^^^^^^^^^^^
[rank3]:E0321 03:30:29.403000 395325 torch/_subclasses/fake_tensor.py:2759] [0/0]   File "/usr/local/lib/python3.12/dist-packages/torch/_dynamo/eval_frame.py", line 1044, in _fn
[rank3]:E0321 03:30:29.403000 395325 torch/_subclasses/fake_tensor.py:2759] [0/0]     return fn(*args, **kwargs)
[rank3]:E0321 03:30:29.403000 395325 torch/_subclasses/fake_tensor.py:2759] [0/0]            ^^^^^^^^^^^^^^^^^^^
[rank3]:E0321 03:30:29.403000 395325 torch/_subclasses/fake_tensor.py:2759] [0/0]   File "/usr/local/lib/python3.12/dist-packages/torch/_prims_common/wrappers.py", line 149, in _fn
[rank3]:E0321 03:30:29.403000 395325 torch/_subclasses/fake_tensor.py:2759] [0/0]     result = fn(**bound.arguments)
[rank3]:E0321 03:30:29.403000 395325 torch/_subclasses/fake_tensor.py:2759] [0/0]              ^^^^^^^^^^^^^^^^^^^^^
[rank3]:E0321 03:30:29.403000 395325 torch/_subclasses/fake_tensor.py:2759] [0/0]   File "/usr/local/lib/python3.12/dist-packages/torch/_refs/__init__.py", line 1138, in _ref
[rank3]:E0321 03:30:29.403000 395325 torch/_subclasses/fake_tensor.py:2759] [0/0]     a, b = _maybe_broadcast(a, b)
[rank3]:E0321 03:30:29.403000 395325 torch/_subclasses/fake_tensor.py:2759] [0/0]            ^^^^^^^^^^^^^^^^^^^^^^
[rank3]:E0321 03:30:29.403000 395325 torch/_subclasses/fake_tensor.py:2759] [0/0]   File "/usr/local/lib/python3.12/dist-packages/torch/_refs/__init__.py", line 448, in _maybe_broadcast
[rank3]:E0321 03:30:29.403000 395325 torch/_subclasses/fake_tensor.py:2759] [0/0]     common_shape = _broadcast_shapes(
[rank3]:E0321 03:30:29.403000 395325 torch/_subclasses/fake_tensor.py:2759] [0/0]                    ^^^^^^^^^^^^^^^^^^
[rank3]:E0321 03:30:29.403000 395325 torch/_subclasses/fake_tensor.py:2759] [0/0]   File "/usr/local/lib/python3.12/dist-packages/torch/_refs/__init__.py", line 436, in _broadcast_shapes
[rank3]:E0321 03:30:29.403000 395325 torch/_subclasses/fake_tensor.py:2759] [0/0]     torch._check(
[rank3]:E0321 03:30:29.403000 395325 torch/_subclasses/fake_tensor.py:2759] [0/0]   File "/usr/local/lib/python3.12/dist-packages/torch/__init__.py", line 1695, in _check
[rank3]:E0321 03:30:29.403000 395325 torch/_subclasses/fake_tensor.py:2759] [0/0]     _check_with(RuntimeError, cond, message)
[rank3]:E0321 03:30:29.403000 395325 torch/_subclasses/fake_tensor.py:2759] [0/0]   File "/usr/local/lib/python3.12/dist-packages/torch/__init__.py", line 1677, in _check_with
[rank3]:E0321 03:30:29.403000 395325 torch/_subclasses/fake_tensor.py:2759] [0/0]     raise error_type(message_evaluated)
[rank3]:E0321 03:30:29.403000 395325 torch/_subclasses/fake_tensor.py:2759] [0/0] RuntimeError: Attempting to broadcast a dimension of length 2048 at -2! Mismatching argument at index 1 had torch.Size([1, 1, 2048, 32]); but expected shape should be broadcastable to [32, 2048, 8, 32]
[rank6]:E0321 03:30:29.407000 395328 torch/_subclasses/fake_tensor.py:2759] [0/0] failed while attempting to run meta for aten.mul.Tensor
[rank6]:E0321 03:30:29.407000 395328 torch/_subclasses/fake_tensor.py:2759] [0/0] Traceback (most recent call last):
[rank6]:E0321 03:30:29.407000 395328 torch/_subclasses/fake_tensor.py:2759] [0/0]   File "/usr/local/lib/python3.12/dist-packages/torch/_subclasses/fake_tensor.py", line 2755, in _dispatch_impl
[rank6]:E0321 03:30:29.407000 395328 torch/_subclasses/fake_tensor.py:2759] [0/0]     r = func(*args, **kwargs)
[rank6]:E0321 03:30:29.407000 395328 torch/_subclasses/fake_tensor.py:2759] [0/0]         ^^^^^^^^^^^^^^^^^^^^^
[rank6]:E0321 03:30:29.407000 395328 torch/_subclasses/fake_tensor.py:2759] [0/0]   File "/usr/local/lib/python3.12/dist-packages/torch/_ops.py", line 841, in __call__
[rank6]:E0321 03:30:29.407000 395328 torch/_subclasses/fake_tensor.py:2759] [0/0]     return self._op(*args, **kwargs)
[rank6]:E0321 03:30:29.407000 395328 torch/_subclasses/fake_tensor.py:2759] [0/0]            ^^^^^^^^^^^^^^^^^^^^^^^^^
[rank6]:E0321 03:30:29.407000 395328 torch/_subclasses/fake_tensor.py:2759] [0/0]   File "/usr/local/lib/python3.12/dist-packages/torch/_prims_common/wrappers.py", line 309, in _fn
[rank6]:E0321 03:30:29.407000 395328 torch/_subclasses/fake_tensor.py:2759] [0/0]     result = fn(*args, **kwargs)
[rank6]:E0321 03:30:29.407000 395328 torch/_subclasses/fake_tensor.py:2759] [0/0]              ^^^^^^^^^^^^^^^^^^^
[rank6]:E0321 03:30:29.407000 395328 torch/_subclasses/fake_tensor.py:2759] [0/0]   File "/usr/local/lib/python3.12/dist-packages/torch/_compile.py", line 53, in inner
[rank6]:E0321 03:30:29.407000 395328 torch/_subclasses/fake_tensor.py:2759] [0/0]     return disable_fn(*args, **kwargs)
[rank6]:E0321 03:30:29.407000 395328 torch/_subclasses/fake_tensor.py:2759] [0/0]            ^^^^^^^^^^^^^^^^^^^^^^^^^^^
[rank6]:E0321 03:30:29.407000 395328 torch/_subclasses/fake_tensor.py:2759] [0/0]   File "/usr/local/lib/python3.12/dist-packages/torch/_dynamo/eval_frame.py", line 1044, in _fn
[rank6]:E0321 03:30:29.407000 395328 torch/_subclasses/fake_tensor.py:2759] [0/0]     return fn(*args, **kwargs)
[rank6]:E0321 03:30:29.407000 395328 torch/_subclasses/fake_tensor.py:2759] [0/0]            ^^^^^^^^^^^^^^^^^^^
[rank6]:E0321 03:30:29.407000 395328 torch/_subclasses/fake_tensor.py:2759] [0/0]   File "/usr/local/lib/python3.12/dist-packages/torch/_prims_common/wrappers.py", line 149, in _fn
[rank6]:E0321 03:30:29.407000 395328 torch/_subclasses/fake_tensor.py:2759] [0/0]     result = fn(**bound.arguments)
[rank6]:E0321 03:30:29.407000 395328 torch/_subclasses/fake_tensor.py:2759] [0/0]              ^^^^^^^^^^^^^^^^^^^^^
[rank6]:E0321 03:30:29.407000 395328 torch/_subclasses/fake_tensor.py:2759] [0/0]   File "/usr/local/lib/python3.12/dist-packages/torch/_refs/__init__.py", line 1138, in _ref
[rank6]:E0321 03:30:29.407000 395328 torch/_subclasses/fake_tensor.py:2759] [0/0]     a, b = _maybe_broadcast(a, b)
[rank6]:E0321 03:30:29.407000 395328 torch/_subclasses/fake_tensor.py:2759] [0/0]            ^^^^^^^^^^^^^^^^^^^^^^
[rank6]:E0321 03:30:29.407000 395328 torch/_subclasses/fake_tensor.py:2759] [0/0]   File "/usr/local/lib/python3.12/dist-packages/torch/_refs/__init__.py", line 448, in _maybe_broadcast
[rank6]:E0321 03:30:29.407000 395328 torch/_subclasses/fake_tensor.py:2759] [0/0]     common_shape = _broadcast_shapes(
[rank6]:E0321 03:30:29.407000 395328 torch/_subclasses/fake_tensor.py:2759] [0/0]                    ^^^^^^^^^^^^^^^^^^
[rank6]:E0321 03:30:29.407000 395328 torch/_subclasses/fake_tensor.py:2759] [0/0]   File "/usr/local/lib/python3.12/dist-packages/torch/_refs/__init__.py", line 436, in _broadcast_shapes
[rank6]:E0321 03:30:29.407000 395328 torch/_subclasses/fake_tensor.py:2759] [0/0]     torch._check(
[rank6]:E0321 03:30:29.407000 395328 torch/_subclasses/fake_tensor.py:2759] [0/0]   File "/usr/local/lib/python3.12/dist-packages/torch/__init__.py", line 1695, in _check
[rank6]:E0321 03:30:29.407000 395328 torch/_subclasses/fake_tensor.py:2759] [0/0]     _check_with(RuntimeError, cond, message)
[rank6]:E0321 03:30:29.407000 395328 torch/_subclasses/fake_tensor.py:2759] [0/0]   File "/usr/local/lib/python3.12/dist-packages/torch/__init__.py", line 1677, in _check_with
[rank6]:E0321 03:30:29.407000 395328 torch/_subclasses/fake_tensor.py:2759] [0/0]     raise error_type(message_evaluated)
[rank6]:E0321 03:30:29.407000 395328 torch/_subclasses/fake_tensor.py:2759] [0/0] RuntimeError: Attempting to broadcast a dimension of length 2048 at -2! Mismatching argument at index 1 had torch.Size([1, 1, 2048, 32]); but expected shape should be broadcastable to [32, 2048, 8, 32]
[rank1]:E0321 03:30:29.408000 395323 torch/_subclasses/fake_tensor.py:2759] [0/0] failed while attempting to run meta for aten.mul.Tensor
[rank1]:E0321 03:30:29.408000 395323 torch/_subclasses/fake_tensor.py:2759] [0/0] Traceback (most recent call last):
[rank1]:E0321 03:30:29.408000 395323 torch/_subclasses/fake_tensor.py:2759] [0/0]   File "/usr/local/lib/python3.12/dist-packages/torch/_subclasses/fake_tensor.py", line 2755, in _dispatch_impl
[rank1]:E0321 03:30:29.408000 395323 torch/_subclasses/fake_tensor.py:2759] [0/0]     r = func(*args, **kwargs)
[rank1]:E0321 03:30:29.408000 395323 torch/_subclasses/fake_tensor.py:2759] [0/0]         ^^^^^^^^^^^^^^^^^^^^^
[rank1]:E0321 03:30:29.408000 395323 torch/_subclasses/fake_tensor.py:2759] [0/0]   File "/usr/local/lib/python3.12/dist-packages/torch/_ops.py", line 841, in __call__
[rank1]:E0321 03:30:29.408000 395323 torch/_subclasses/fake_tensor.py:2759] [0/0]     return self._op(*args, **kwargs)
[rank1]:E0321 03:30:29.408000 395323 torch/_subclasses/fake_tensor.py:2759] [0/0]            ^^^^^^^^^^^^^^^^^^^^^^^^^
[rank1]:E0321 03:30:29.408000 395323 torch/_subclasses/fake_tensor.py:2759] [0/0]   File "/usr/local/lib/python3.12/dist-packages/torch/_prims_common/wrappers.py", line 309, in _fn
[rank1]:E0321 03:30:29.408000 395323 torch/_subclasses/fake_tensor.py:2759] [0/0]     result = fn(*args, **kwargs)
[rank1]:E0321 03:30:29.408000 395323 torch/_subclasses/fake_tensor.py:2759] [0/0]              ^^^^^^^^^^^^^^^^^^^
[rank1]:E0321 03:30:29.408000 395323 torch/_subclasses/fake_tensor.py:2759] [0/0]   File "/usr/local/lib/python3.12/dist-packages/torch/_compile.py", line 53, in inner
[rank1]:E0321 03:30:29.408000 395323 torch/_subclasses/fake_tensor.py:2759] [0/0]     return disable_fn(*args, **kwargs)
[rank1]:E0321 03:30:29.408000 395323 torch/_subclasses/fake_tensor.py:2759] [0/0]            ^^^^^^^^^^^^^^^^^^^^^^^^^^^
[rank1]:E0321 03:30:29.408000 395323 torch/_subclasses/fake_tensor.py:2759] [0/0]   File "/usr/local/lib/python3.12/dist-packages/torch/_dynamo/eval_frame.py", line 1044, in _fn
[rank1]:E0321 03:30:29.408000 395323 torch/_subclasses/fake_tensor.py:2759] [0/0]     return fn(*args, **kwargs)
[rank1]:E0321 03:30:29.408000 395323 torch/_subclasses/fake_tensor.py:2759] [0/0]            ^^^^^^^^^^^^^^^^^^^
[rank1]:E0321 03:30:29.408000 395323 torch/_subclasses/fake_tensor.py:2759] [0/0]   File "/usr/local/lib/python3.12/dist-packages/torch/_prims_common/wrappers.py", line 149, in _fn
[rank1]:E0321 03:30:29.408000 395323 torch/_subclasses/fake_tensor.py:2759] [0/0]     result = fn(**bound.arguments)
[rank1]:E0321 03:30:29.408000 395323 torch/_subclasses/fake_tensor.py:2759] [0/0]              ^^^^^^^^^^^^^^^^^^^^^
[rank1]:E0321 03:30:29.408000 395323 torch/_subclasses/fake_tensor.py:2759] [0/0]   File "/usr/local/lib/python3.12/dist-packages/torch/_refs/__init__.py", line 1138, in _ref
[rank1]:E0321 03:30:29.408000 395323 torch/_subclasses/fake_tensor.py:2759] [0/0]     a, b = _maybe_broadcast(a, b)
[rank1]:E0321 03:30:29.408000 395323 torch/_subclasses/fake_tensor.py:2759] [0/0]            ^^^^^^^^^^^^^^^^^^^^^^
[rank1]:E0321 03:30:29.408000 395323 torch/_subclasses/fake_tensor.py:2759] [0/0]   File "/usr/local/lib/python3.12/dist-packages/torch/_refs/__init__.py", line 448, in _maybe_broadcast
[rank1]:E0321 03:30:29.408000 395323 torch/_subclasses/fake_tensor.py:2759] [0/0]     common_shape = _broadcast_shapes(
[rank1]:E0321 03:30:29.408000 395323 torch/_subclasses/fake_tensor.py:2759] [0/0]                    ^^^^^^^^^^^^^^^^^^
[rank1]:E0321 03:30:29.408000 395323 torch/_subclasses/fake_tensor.py:2759] [0/0]   File "/usr/local/lib/python3.12/dist-packages/torch/_refs/__init__.py", line 436, in _broadcast_shapes
[rank1]:E0321 03:30:29.408000 395323 torch/_subclasses/fake_tensor.py:2759] [0/0]     torch._check(
[rank1]:E0321 03:30:29.408000 395323 torch/_subclasses/fake_tensor.py:2759] [0/0]   File "/usr/local/lib/python3.12/dist-packages/torch/__init__.py", line 1695, in _check
[rank1]:E0321 03:30:29.408000 395323 torch/_subclasses/fake_tensor.py:2759] [0/0]     _check_with(RuntimeError, cond, message)
[rank1]:E0321 03:30:29.408000 395323 torch/_subclasses/fake_tensor.py:2759] [0/0]   File "/usr/local/lib/python3.12/dist-packages/torch/__init__.py", line 1677, in _check_with
[rank1]:E0321 03:30:29.408000 395323 torch/_subclasses/fake_tensor.py:2759] [0/0]     raise error_type(message_evaluated)
[rank1]:E0321 03:30:29.408000 395323 torch/_subclasses/fake_tensor.py:2759] [0/0] RuntimeError: Attempting to broadcast a dimension of length 2048 at -2! Mismatching argument at index 1 had torch.Size([1, 1, 2048, 32]); but expected shape should be broadcastable to [32, 2048, 8, 32]
[rank7]:E0321 03:30:29.418000 395329 torch/_subclasses/fake_tensor.py:2759] [0/0] failed while attempting to run meta for aten.mul.Tensor
[rank7]:E0321 03:30:29.418000 395329 torch/_subclasses/fake_tensor.py:2759] [0/0] Traceback (most recent call last):
[rank7]:E0321 03:30:29.418000 395329 torch/_subclasses/fake_tensor.py:2759] [0/0]   File "/usr/local/lib/python3.12/dist-packages/torch/_subclasses/fake_tensor.py", line 2755, in _dispatch_impl
[rank7]:E0321 03:30:29.418000 395329 torch/_subclasses/fake_tensor.py:2759] [0/0]     r = func(*args, **kwargs)
[rank7]:E0321 03:30:29.418000 395329 torch/_subclasses/fake_tensor.py:2759] [0/0]         ^^^^^^^^^^^^^^^^^^^^^
[rank7]:E0321 03:30:29.418000 395329 torch/_subclasses/fake_tensor.py:2759] [0/0]   File "/usr/local/lib/python3.12/dist-packages/torch/_ops.py", line 841, in __call__
[rank7]:E0321 03:30:29.418000 395329 torch/_subclasses/fake_tensor.py:2759] [0/0]     return self._op(*args, **kwargs)
[rank7]:E0321 03:30:29.418000 395329 torch/_subclasses/fake_tensor.py:2759] [0/0]            ^^^^^^^^^^^^^^^^^^^^^^^^^
[rank7]:E0321 03:30:29.418000 395329 torch/_subclasses/fake_tensor.py:2759] [0/0]   File "/usr/local/lib/python3.12/dist-packages/torch/_prims_common/wrappers.py", line 309, in _fn
[rank7]:E0321 03:30:29.418000 395329 torch/_subclasses/fake_tensor.py:2759] [0/0]     result = fn(*args, **kwargs)
[rank7]:E0321 03:30:29.418000 395329 torch/_subclasses/fake_tensor.py:2759] [0/0]              ^^^^^^^^^^^^^^^^^^^
[rank7]:E0321 03:30:29.418000 395329 torch/_subclasses/fake_tensor.py:2759] [0/0]   File "/usr/local/lib/python3.12/dist-packages/torch/_compile.py", line 53, in inner
[rank7]:E0321 03:30:29.418000 395329 torch/_subclasses/fake_tensor.py:2759] [0/0]     return disable_fn(*args, **kwargs)
[rank7]:E0321 03:30:29.418000 395329 torch/_subclasses/fake_tensor.py:2759] [0/0]            ^^^^^^^^^^^^^^^^^^^^^^^^^^^
[rank7]:E0321 03:30:29.418000 395329 torch/_subclasses/fake_tensor.py:2759] [0/0]   File "/usr/local/lib/python3.12/dist-packages/torch/_dynamo/eval_frame.py", line 1044, in _fn
[rank7]:E0321 03:30:29.418000 395329 torch/_subclasses/fake_tensor.py:2759] [0/0]     return fn(*args, **kwargs)
[rank7]:E0321 03:30:29.418000 395329 torch/_subclasses/fake_tensor.py:2759] [0/0]            ^^^^^^^^^^^^^^^^^^^
[rank7]:E0321 03:30:29.418000 395329 torch/_subclasses/fake_tensor.py:2759] [0/0]   File "/usr/local/lib/python3.12/dist-packages/torch/_prims_common/wrappers.py", line 149, in _fn
[rank7]:E0321 03:30:29.418000 395329 torch/_subclasses/fake_tensor.py:2759] [0/0]     result = fn(**bound.arguments)
[rank7]:E0321 03:30:29.418000 395329 torch/_subclasses/fake_tensor.py:2759] [0/0]              ^^^^^^^^^^^^^^^^^^^^^
[rank7]:E0321 03:30:29.418000 395329 torch/_subclasses/fake_tensor.py:2759] [0/0]   File "/usr/local/lib/python3.12/dist-packages/torch/_refs/__init__.py", line 1138, in _ref
[rank7]:E0321 03:30:29.418000 395329 torch/_subclasses/fake_tensor.py:2759] [0/0]     a, b = _maybe_broadcast(a, b)
[rank7]:E0321 03:30:29.418000 395329 torch/_subclasses/fake_tensor.py:2759] [0/0]            ^^^^^^^^^^^^^^^^^^^^^^
[rank7]:E0321 03:30:29.418000 395329 torch/_subclasses/fake_tensor.py:2759] [0/0]   File "/usr/local/lib/python3.12/dist-packages/torch/_refs/__init__.py", line 448, in _maybe_broadcast
[rank7]:E0321 03:30:29.418000 395329 torch/_subclasses/fake_tensor.py:2759] [0/0]     common_shape = _broadcast_shapes(
[rank7]:E0321 03:30:29.418000 395329 torch/_subclasses/fake_tensor.py:2759] [0/0]                    ^^^^^^^^^^^^^^^^^^
[rank7]:E0321 03:30:29.418000 395329 torch/_subclasses/fake_tensor.py:2759] [0/0]   File "/usr/local/lib/python3.12/dist-packages/torch/_refs/__init__.py", line 436, in _broadcast_shapes
[rank7]:E0321 03:30:29.418000 395329 torch/_subclasses/fake_tensor.py:2759] [0/0]     torch._check(
[rank7]:E0321 03:30:29.418000 395329 torch/_subclasses/fake_tensor.py:2759] [0/0]   File "/usr/local/lib/python3.12/dist-packages/torch/__init__.py", line 1695, in _check
[rank7]:E0321 03:30:29.418000 395329 torch/_subclasses/fake_tensor.py:2759] [0/0]     _check_with(RuntimeError, cond, message)
[rank7]:E0321 03:30:29.418000 395329 torch/_subclasses/fake_tensor.py:2759] [0/0]   File "/usr/local/lib/python3.12/dist-packages/torch/__init__.py", line 1677, in _check_with
[rank7]:E0321 03:30:29.418000 395329 torch/_subclasses/fake_tensor.py:2759] [0/0]     raise error_type(message_evaluated)
[rank7]:E0321 03:30:29.418000 395329 torch/_subclasses/fake_tensor.py:2759] [0/0] RuntimeError: Attempting to broadcast a dimension of length 2048 at -2! Mismatching argument at index 1 had torch.Size([1, 1, 2048, 32]); but expected shape should be broadcastable to [32, 2048, 8, 32]
[rank5]: Traceback (most recent call last):
[rank5]:   File "/workspace/parameter-golf/train_gpt_v8_xsa_ema.py", line 1432, in <module>
[rank5]:     main()
[rank5]:   File "/workspace/parameter-golf/train_gpt_v8_xsa_ema.py", line 1186, in main
[rank5]:     warmup_loss = model(x, y)
[rank5]:                   ^^^^^^^^^^^
[rank5]:   File "/usr/local/lib/python3.12/dist-packages/torch/nn/modules/module.py", line 1775, in _wrapped_call_impl
[rank5]:     return self._call_impl(*args, **kwargs)
[rank5]:            ^^^^^^^^^^^^^^^^^^^^^^^^^^^^^^^^
[rank5]:   File "/usr/local/lib/python3.12/dist-packages/torch/nn/modules/module.py", line 1786, in _call_impl
[rank5]:     return forward_call(*args, **kwargs)
[rank5]:            ^^^^^^^^^^^^^^^^^^^^^^^^^^^^^
[rank5]:   File "/usr/local/lib/python3.12/dist-packages/torch/nn/parallel/distributed.py", line 1661, in forward
[rank5]:     else self._run_ddp_forward(*inputs, **kwargs)
[rank5]:          ^^^^^^^^^^^^^^^^^^^^^^^^^^^^^^^^^^^^^^^^
[rank5]:   File "/usr/local/lib/python3.12/dist-packages/torch/nn/parallel/distributed.py", line 1487, in _run_ddp_forward
[rank5]:     return self.module(*inputs, **kwargs)  # type: ignore[index]
[rank5]:            ^^^^^^^^^^^^^^^^^^^^^^^^^^^^^^
[rank5]:   File "/usr/local/lib/python3.12/dist-packages/torch/_dynamo/eval_frame.py", line 414, in __call__
[rank5]:     return super().__call__(*args, **kwargs)
[rank5]:            ^^^^^^^^^^^^^^^^^^^^^^^^^^^^^^^^^
[rank5]:   File "/usr/local/lib/python3.12/dist-packages/torch/nn/modules/module.py", line 1775, in _wrapped_call_impl
[rank5]:     return self._call_impl(*args, **kwargs)
[rank5]:            ^^^^^^^^^^^^^^^^^^^^^^^^^^^^^^^^
[rank5]:   File "/usr/local/lib/python3.12/dist-packages/torch/nn/modules/module.py", line 1786, in _call_impl
[rank5]:     return forward_call(*args, **kwargs)
[rank5]:            ^^^^^^^^^^^^^^^^^^^^^^^^^^^^^
[rank5]:   File "/usr/local/lib/python3.12/dist-packages/torch/_dynamo/eval_frame.py", line 832, in compile_wrapper
[rank5]:     return fn(*args, **kwargs)
[rank5]:            ^^^^^^^^^^^^^^^^^^^
[rank5]:   File "/usr/local/lib/python3.12/dist-packages/torch/nn/modules/module.py", line 1775, in _wrapped_call_impl
[rank5]:     return self._call_impl(*args, **kwargs)
[rank5]:            ^^^^^^^^^^^^^^^^^^^^^^^^^^^^^^^^
[rank5]:   File "/usr/local/lib/python3.12/dist-packages/torch/nn/modules/module.py", line 1786, in _call_impl
[rank5]:     return forward_call(*args, **kwargs)
[rank5]:            ^^^^^^^^^^^^^^^^^^^^^^^^^^^^^
[rank5]:   File "/usr/local/lib/python3.12/dist-packages/torch/_dynamo/convert_frame.py", line 1869, in __call__
[rank5]:     return hijacked_callback(
[rank5]:            ^^^^^^^^^^^^^^^^^^
[rank5]:   File "/usr/local/lib/python3.12/dist-packages/torch/_dynamo/convert_frame.py", line 688, in __call__
[rank5]:     result = _compile(
[rank5]:              ^^^^^^^^^
[rank5]:   File "/usr/local/lib/python3.12/dist-packages/torch/_dynamo/convert_frame.py", line 1434, in _compile
[rank5]:     guarded_code, tracer_output = compile_inner(code, one_graph, hooks)
[rank5]:                                   ^^^^^^^^^^^^^^^^^^^^^^^^^^^^^^^^^^^^^
[rank5]:   File "/usr/local/lib/python3.12/dist-packages/torch/_utils_internal.py", line 92, in wrapper_function
[rank5]:     return function(*args, **kwargs)
[rank5]:            ^^^^^^^^^^^^^^^^^^^^^^^^^
[rank5]:   File "/usr/local/lib/python3.12/dist-packages/torch/_dynamo/convert_frame.py", line 1117, in compile_inner
[rank5]:     return _compile_inner(code, one_graph, hooks)
[rank5]:            ^^^^^^^^^^^^^^^^^^^^^^^^^^^^^^^^^^^^^^
[rank5]:   File "/usr/local/lib/python3.12/dist-packages/torch/_dynamo/convert_frame.py", line 1151, in _compile_inner
[rank5]:     dynamo_output = compile_frame(
[rank5]:                     ^^^^^^^^^^^^^^
[rank5]:   File "/usr/local/lib/python3.12/dist-packages/torch/_dynamo/convert_frame.py", line 1032, in compile_frame
[rank5]:     bytecode, tracer_output = transform_code_object(code, transform)
[rank5]:                               ^^^^^^^^^^^^^^^^^^^^^^^^^^^^^^^^^^^^^^
[rank5]:   File "/usr/local/lib/python3.12/dist-packages/torch/_dynamo/bytecode_transformation.py", line 1592, in transform_code_object
[rank5]:     tracer_output = transformations(instructions, code_options)
[rank5]:                     ^^^^^^^^^^^^^^^^^^^^^^^^^^^^^^^^^^^^^^^^^^^
[rank5]:   File "/usr/local/lib/python3.12/dist-packages/torch/_dynamo/convert_frame.py", line 1004, in transform
[rank5]:     tracer_output = trace_frame(
[rank5]:                     ^^^^^^^^^^^^
[rank5]:   File "/usr/local/lib/python3.12/dist-packages/torch/_dynamo/convert_frame.py", line 312, in _fn
[rank5]:     return fn(*args, **kwargs)
[rank5]:            ^^^^^^^^^^^^^^^^^^^
[rank5]:   File "/usr/local/lib/python3.12/dist-packages/torch/_dynamo/convert_frame.py", line 815, in trace_frame
[rank5]:     run_tracer()
[rank5]:   File "/usr/local/lib/python3.12/dist-packages/torch/_dynamo/convert_frame.py", line 797, in run_tracer
[rank5]:     tracer.run()
[rank5]:   File "/usr/local/lib/python3.12/dist-packages/torch/_dynamo/symbolic_convert.py", line 1500, in run
[rank5]:     while self.step():
[rank5]:           ^^^^^^^^^^^
[rank5]:   File "/usr/local/lib/python3.12/dist-packages/torch/_dynamo/symbolic_convert.py", line 1348, in step
[rank5]:     self.dispatch_table[inst.opcode](self, inst)
[rank5]:   File "/usr/local/lib/python3.12/dist-packages/torch/_dynamo/symbolic_convert.py", line 904, in wrapper
[rank5]:     return inner_fn(self, inst)
[rank5]:            ^^^^^^^^^^^^^^^^^^^^
[rank5]:   File "/usr/local/lib/python3.12/dist-packages/torch/_dynamo/symbolic_convert.py", line 3428, in CALL
[rank5]:     self._call(inst)
[rank5]:   File "/usr/local/lib/python3.12/dist-packages/torch/_dynamo/symbolic_convert.py", line 3422, in _call
[rank5]:     self.call_function(fn, args, kwargs)
[rank5]:   File "/usr/local/lib/python3.12/dist-packages/torch/_dynamo/symbolic_convert.py", line 1266, in call_function
[rank5]:     self.push(fn.call_function(self, args, kwargs))  # type: ignore[arg-type]
[rank5]:               ^^^^^^^^^^^^^^^^^^^^^^^^^^^^^^^^^^^^
[rank5]:   File "/usr/local/lib/python3.12/dist-packages/torch/_dynamo/variables/lazy.py", line 212, in realize_and_forward
[rank5]:     return getattr(self.realize(), name)(*args, **kwargs)
[rank5]:            ^^^^^^^^^^^^^^^^^^^^^^^^^^^^^^^^^^^^^^^^^^^^^^
[rank5]:   File "/usr/local/lib/python3.12/dist-packages/torch/_dynamo/variables/nn_module.py", line 1010, in call_function
[rank5]:     return variables.UserFunctionVariable(fn, source=source).call_function(
[rank5]:            ^^^^^^^^^^^^^^^^^^^^^^^^^^^^^^^^^^^^^^^^^^^^^^^^^^^^^^^^^^^^^^^^
[rank5]:   File "/usr/local/lib/python3.12/dist-packages/torch/_dynamo/variables/functions.py", line 598, in call_function
[rank5]:     return super().call_function(tx, args, kwargs)
[rank5]:            ^^^^^^^^^^^^^^^^^^^^^^^^^^^^^^^^^^^^^^^
[rank5]:   File "/usr/local/lib/python3.12/dist-packages/torch/_dynamo/variables/functions.py", line 342, in call_function
[rank5]:     return tx.inline_user_function_return(self, [*self.self_args(), *args], kwargs)
[rank5]:            ^^^^^^^^^^^^^^^^^^^^^^^^^^^^^^^^^^^^^^^^^^^^^^^^^^^^^^^^^^^^^^^^^^^^^^^^
[rank5]:   File "/usr/local/lib/python3.12/dist-packages/torch/_dynamo/symbolic_convert.py", line 1288, in inline_user_function_return
[rank5]:     return InliningInstructionTranslator.inline_call(self, fn, args, kwargs)
[rank5]:            ^^^^^^^^^^^^^^^^^^^^^^^^^^^^^^^^^^^^^^^^^^^^^^^^^^^^^^^^^^^^^^^^^
[rank5]:   File "/usr/local/lib/python3.12/dist-packages/torch/_dynamo/symbolic_convert.py", line 4129, in inline_call
[rank5]:     return tracer.inline_call_()
[rank5]:            ^^^^^^^^^^^^^^^^^^^^^
[rank5]:   File "/usr/local/lib/python3.12/dist-packages/torch/_dynamo/symbolic_convert.py", line 4332, in inline_call_
[rank5]:     self.run()
[rank5]:   File "/usr/local/lib/python3.12/dist-packages/torch/_dynamo/symbolic_convert.py", line 1500, in run
[rank5]:     while self.step():
[rank5]:           ^^^^^^^^^^^
[rank5]:   File "/usr/local/lib/python3.12/dist-packages/torch/_dynamo/symbolic_convert.py", line 1348, in step
[rank5]:     self.dispatch_table[inst.opcode](self, inst)
[rank5]:   File "/usr/local/lib/python3.12/dist-packages/torch/_dynamo/symbolic_convert.py", line 904, in wrapper
[rank5]:     return inner_fn(self, inst)
[rank5]:            ^^^^^^^^^^^^^^^^^^^^
[rank5]:   File "/usr/local/lib/python3.12/dist-packages/torch/_dynamo/symbolic_convert.py", line 3428, in CALL
[rank5]:     self._call(inst)
[rank5]:   File "/usr/local/lib/python3.12/dist-packages/torch/_dynamo/symbolic_convert.py", line 3422, in _call
[rank5]:     self.call_function(fn, args, kwargs)
[rank5]:   File "/usr/local/lib/python3.12/dist-packages/torch/_dynamo/symbolic_convert.py", line 1266, in call_function
[rank5]:     self.push(fn.call_function(self, args, kwargs))  # type: ignore[arg-type]
[rank5]:               ^^^^^^^^^^^^^^^^^^^^^^^^^^^^^^^^^^^^
[rank5]:   File "/usr/local/lib/python3.12/dist-packages/torch/_dynamo/variables/lazy.py", line 212, in realize_and_forward
[rank5]:     return getattr(self.realize(), name)(*args, **kwargs)
[rank5]:            ^^^^^^^^^^^^^^^^^^^^^^^^^^^^^^^^^^^^^^^^^^^^^^
[rank5]:   File "/usr/local/lib/python3.12/dist-packages/torch/_dynamo/variables/nn_module.py", line 1010, in call_function
[rank5]:     return variables.UserFunctionVariable(fn, source=source).call_function(
[rank5]:            ^^^^^^^^^^^^^^^^^^^^^^^^^^^^^^^^^^^^^^^^^^^^^^^^^^^^^^^^^^^^^^^^
[rank5]:   File "/usr/local/lib/python3.12/dist-packages/torch/_dynamo/variables/functions.py", line 598, in call_function
[rank5]:     return super().call_function(tx, args, kwargs)
[rank5]:            ^^^^^^^^^^^^^^^^^^^^^^^^^^^^^^^^^^^^^^^
[rank5]:   File "/usr/local/lib/python3.12/dist-packages/torch/_dynamo/variables/functions.py", line 342, in call_function
[rank5]:     return tx.inline_user_function_return(self, [*self.self_args(), *args], kwargs)
[rank5]:            ^^^^^^^^^^^^^^^^^^^^^^^^^^^^^^^^^^^^^^^^^^^^^^^^^^^^^^^^^^^^^^^^^^^^^^^^
[rank5]:   File "/usr/local/lib/python3.12/dist-packages/torch/_dynamo/symbolic_convert.py", line 1288, in inline_user_function_return
[rank5]:     return InliningInstructionTranslator.inline_call(self, fn, args, kwargs)
[rank5]:            ^^^^^^^^^^^^^^^^^^^^^^^^^^^^^^^^^^^^^^^^^^^^^^^^^^^^^^^^^^^^^^^^^
[rank5]:   File "/usr/local/lib/python3.12/dist-packages/torch/_dynamo/symbolic_convert.py", line 4129, in inline_call
[rank5]:     return tracer.inline_call_()
[rank5]:            ^^^^^^^^^^^^^^^^^^^^^
[rank5]:   File "/usr/local/lib/python3.12/dist-packages/torch/_dynamo/symbolic_convert.py", line 4332, in inline_call_
[rank5]:     self.run()
[rank5]:   File "/usr/local/lib/python3.12/dist-packages/torch/_dynamo/symbolic_convert.py", line 1500, in run
[rank5]:     while self.step():
[rank5]:           ^^^^^^^^^^^
[rank5]:   File "/usr/local/lib/python3.12/dist-packages/torch/_dynamo/symbolic_convert.py", line 1348, in step
[rank5]:     self.dispatch_table[inst.opcode](self, inst)
[rank5]:   File "/usr/local/lib/python3.12/dist-packages/torch/_dynamo/symbolic_convert.py", line 904, in wrapper
[rank5]:     return inner_fn(self, inst)
[rank5]:            ^^^^^^^^^^^^^^^^^^^^
[rank5]:   File "/usr/local/lib/python3.12/dist-packages/torch/_dynamo/symbolic_convert.py", line 3428, in CALL
[rank5]:     self._call(inst)
[rank5]:   File "/usr/local/lib/python3.12/dist-packages/torch/_dynamo/symbolic_convert.py", line 3422, in _call
[rank5]:     self.call_function(fn, args, kwargs)
[rank5]:   File "/usr/local/lib/python3.12/dist-packages/torch/_dynamo/symbolic_convert.py", line 1266, in call_function
[rank5]:     self.push(fn.call_function(self, args, kwargs))  # type: ignore[arg-type]
[rank5]:               ^^^^^^^^^^^^^^^^^^^^^^^^^^^^^^^^^^^^
[rank5]:   File "/usr/local/lib/python3.12/dist-packages/torch/_dynamo/variables/lazy.py", line 212, in realize_and_forward
[rank5]:     return getattr(self.realize(), name)(*args, **kwargs)
[rank5]:            ^^^^^^^^^^^^^^^^^^^^^^^^^^^^^^^^^^^^^^^^^^^^^^
[rank5]:   File "/usr/local/lib/python3.12/dist-packages/torch/_dynamo/variables/functions.py", line 598, in call_function
[rank5]:     return super().call_function(tx, args, kwargs)
[rank5]:            ^^^^^^^^^^^^^^^^^^^^^^^^^^^^^^^^^^^^^^^
[rank5]:   File "/usr/local/lib/python3.12/dist-packages/torch/_dynamo/variables/functions.py", line 342, in call_function
[rank5]:     return tx.inline_user_function_return(self, [*self.self_args(), *args], kwargs)
[rank5]:            ^^^^^^^^^^^^^^^^^^^^^^^^^^^^^^^^^^^^^^^^^^^^^^^^^^^^^^^^^^^^^^^^^^^^^^^^
[rank5]:   File "/usr/local/lib/python3.12/dist-packages/torch/_dynamo/symbolic_convert.py", line 1288, in inline_user_function_return
[rank5]:     return InliningInstructionTranslator.inline_call(self, fn, args, kwargs)
[rank5]:            ^^^^^^^^^^^^^^^^^^^^^^^^^^^^^^^^^^^^^^^^^^^^^^^^^^^^^^^^^^^^^^^^^
[rank5]:   File "/usr/local/lib/python3.12/dist-packages/torch/_dynamo/symbolic_convert.py", line 4129, in inline_call
[rank5]:     return tracer.inline_call_()
[rank5]:            ^^^^^^^^^^^^^^^^^^^^^
[rank5]:   File "/usr/local/lib/python3.12/dist-packages/torch/_dynamo/symbolic_convert.py", line 4332, in inline_call_
[rank5]:     self.run()
[rank5]:   File "/usr/local/lib/python3.12/dist-packages/torch/_dynamo/symbolic_convert.py", line 1500, in run
[rank5]:     while self.step():
[rank5]:           ^^^^^^^^^^^
[rank5]:   File "/usr/local/lib/python3.12/dist-packages/torch/_dynamo/symbolic_convert.py", line 1348, in step
[rank5]:     self.dispatch_table[inst.opcode](self, inst)
[rank5]:   File "/usr/local/lib/python3.12/dist-packages/torch/_dynamo/symbolic_convert.py", line 3368, in BINARY_OP
[rank5]:     return _binary_op_lookup[inst.arg](self, inst)
[rank5]:            ^^^^^^^^^^^^^^^^^^^^^^^^^^^^^^^^^^^^^^^
[rank5]:   File "/usr/local/lib/python3.12/dist-packages/torch/_dynamo/symbolic_convert.py", line 462, in impl
[rank5]:     self.push(fn_var.call_function(self, self.popn(nargs), {}))
[rank5]:               ^^^^^^^^^^^^^^^^^^^^^^^^^^^^^^^^^^^^^^^^^^^^^^^^
[rank5]:   File "/usr/local/lib/python3.12/dist-packages/torch/_dynamo/variables/builtin.py", line 1347, in call_function
[rank5]:     return handler(tx, args, kwargs)
[rank5]:            ^^^^^^^^^^^^^^^^^^^^^^^^^
[rank5]:   File "/usr/local/lib/python3.12/dist-packages/torch/_dynamo/variables/builtin.py", line 1307, in _handle_insert_op_in_graph
[rank5]:     return wrap_fx_proxy(tx, proxy)
[rank5]:            ^^^^^^^^^^^^^^^^^^^^^^^^
[rank5]:   File "/usr/local/lib/python3.12/dist-packages/torch/_dynamo/variables/builder.py", line 2645, in wrap_fx_proxy
[rank5]:     return wrap_fx_proxy_cls(target_cls=TensorVariable, **kwargs)
[rank5]:            ^^^^^^^^^^^^^^^^^^^^^^^^^^^^^^^^^^^^^^^^^^^^^^^^^^^^^^
[rank5]:   File "/usr/local/lib/python3.12/dist-packages/torch/_dynamo/variables/builder.py", line 2711, in wrap_fx_proxy_cls
[rank5]:     return _wrap_fx_proxy(
[rank5]:            ^^^^^^^^^^^^^^^
[rank5]:   File "/usr/local/lib/python3.12/dist-packages/torch/_dynamo/variables/builder.py", line 2809, in _wrap_fx_proxy
[rank5]:     example_value = get_fake_value(proxy.node, tx, allow_non_graph_fake=True)
[rank5]:                     ^^^^^^^^^^^^^^^^^^^^^^^^^^^^^^^^^^^^^^^^^^^^^^^^^^^^^^^^^
[rank5]:   File "/usr/local/lib/python3.12/dist-packages/torch/_dynamo/utils.py", line 3478, in get_fake_value
[rank5]:     raise TorchRuntimeError(str(e)).with_traceback(e.__traceback__) from None
[rank5]:   File "/usr/local/lib/python3.12/dist-packages/torch/_dynamo/utils.py", line 3376, in get_fake_value
[rank5]:     ret_val = wrap_fake_exception(
[rank5]:               ^^^^^^^^^^^^^^^^^^^^
[rank5]:   File "/usr/local/lib/python3.12/dist-packages/torch/_dynamo/utils.py", line 2864, in wrap_fake_exception
[rank5]:     return fn()
[rank5]:            ^^^^
[rank5]:   File "/usr/local/lib/python3.12/dist-packages/torch/_dynamo/utils.py", line 3377, in <lambda>
[rank5]:     lambda: run_node(tx.output, node, args, kwargs, nnmodule)
[rank5]:             ^^^^^^^^^^^^^^^^^^^^^^^^^^^^^^^^^^^^^^^^^^^^^^^^^
[rank5]:   File "/usr/local/lib/python3.12/dist-packages/torch/_dynamo/utils.py", line 3587, in run_node
[rank5]:     raise RuntimeError(make_error_message(e)).with_traceback(
[rank5]:   File "/usr/local/lib/python3.12/dist-packages/torch/_dynamo/utils.py", line 3546, in run_node
[rank5]:     return node.target(*args, **kwargs)  # type: ignore[operator]
[rank5]:            ^^^^^^^^^^^^^^^^^^^^^^^^^^^^
[rank5]:   File "/usr/local/lib/python3.12/dist-packages/torch/utils/_stats.py", line 28, in wrapper
[rank5]:     return fn(*args, **kwargs)
[rank5]:            ^^^^^^^^^^^^^^^^^^^
[rank5]:   File "/usr/local/lib/python3.12/dist-packages/torch/_subclasses/fake_tensor.py", line 1376, in __torch_dispatch__
[rank5]:     return self.dispatch(func, types, args, kwargs)
[rank5]:            ^^^^^^^^^^^^^^^^^^^^^^^^^^^^^^^^^^^^^^^^
[rank5]:   File "/usr/local/lib/python3.12/dist-packages/torch/_subclasses/fake_tensor.py", line 2096, in dispatch
[rank5]:     return self._cached_dispatch_impl(func, types, args, kwargs)
[rank5]:            ^^^^^^^^^^^^^^^^^^^^^^^^^^^^^^^^^^^^^^^^^^^^^^^^^^^^^
[rank5]:   File "/usr/local/lib/python3.12/dist-packages/torch/_subclasses/fake_tensor.py", line 1511, in _cached_dispatch_impl
[rank5]:     output = self._dispatch_impl(func, types, args, kwargs)
[rank5]:              ^^^^^^^^^^^^^^^^^^^^^^^^^^^^^^^^^^^^^^^^^^^^^^
[rank5]:   File "/usr/local/lib/python3.12/dist-packages/torch/_subclasses/fake_tensor.py", line 2755, in _dispatch_impl
[rank5]:     r = func(*args, **kwargs)
[rank5]:         ^^^^^^^^^^^^^^^^^^^^^
[rank5]:   File "/usr/local/lib/python3.12/dist-packages/torch/_ops.py", line 841, in __call__
[rank5]:     return self._op(*args, **kwargs)
[rank5]:            ^^^^^^^^^^^^^^^^^^^^^^^^^
[rank5]:   File "/usr/local/lib/python3.12/dist-packages/torch/_prims_common/wrappers.py", line 309, in _fn
[rank5]:     result = fn(*args, **kwargs)
[rank5]:              ^^^^^^^^^^^^^^^^^^^
[rank5]:   File "/usr/local/lib/python3.12/dist-packages/torch/_compile.py", line 53, in inner
[rank5]:     return disable_fn(*args, **kwargs)
[rank5]:            ^^^^^^^^^^^^^^^^^^^^^^^^^^^
[rank5]:   File "/usr/local/lib/python3.12/dist-packages/torch/_dynamo/eval_frame.py", line 1044, in _fn
[rank5]:     return fn(*args, **kwargs)
[rank5]:            ^^^^^^^^^^^^^^^^^^^
[rank5]:   File "/usr/local/lib/python3.12/dist-packages/torch/_prims_common/wrappers.py", line 149, in _fn
[rank5]:     result = fn(**bound.arguments)
[rank5]:              ^^^^^^^^^^^^^^^^^^^^^
[rank5]:   File "/usr/local/lib/python3.12/dist-packages/torch/_refs/__init__.py", line 1138, in _ref
[rank5]:     a, b = _maybe_broadcast(a, b)
[rank5]:            ^^^^^^^^^^^^^^^^^^^^^^
[rank5]:   File "/usr/local/lib/python3.12/dist-packages/torch/_refs/__init__.py", line 448, in _maybe_broadcast
[rank5]:     common_shape = _broadcast_shapes(
[rank5]:                    ^^^^^^^^^^^^^^^^^^
[rank5]:   File "/usr/local/lib/python3.12/dist-packages/torch/_refs/__init__.py", line 436, in _broadcast_shapes
[rank5]:     torch._check(
[rank5]:   File "/usr/local/lib/python3.12/dist-packages/torch/__init__.py", line 1695, in _check
[rank5]:     _check_with(RuntimeError, cond, message)
[rank5]:   File "/usr/local/lib/python3.12/dist-packages/torch/__init__.py", line 1677, in _check_with
[rank5]:     raise error_type(message_evaluated)
[rank5]: torch._dynamo.exc.TorchRuntimeError: Dynamo failed to run FX node with fake tensors: call_function <built-in function mul>(*(FakeTensor(..., device='cuda:5', size=(32, 2048, 8, 32), dtype=torch.bfloat16,
[rank5]:            grad_fn=<SliceBackward0>), FakeTensor(..., device='cuda:5', size=(1, 1, 2048, 32), dtype=torch.bfloat16)), **{}): got RuntimeError('Attempting to broadcast a dimension of length 2048 at -2! Mismatching argument at index 1 had torch.Size([1, 1, 2048, 32]); but expected shape should be broadcastable to [32, 2048, 8, 32]')

[rank5]: from user code:
[rank5]:    File "/workspace/parameter-golf/train_gpt_v8_xsa_ema.py", line 838, in forward
[rank5]:     x = self.blocks[i](x, x0)
[rank5]:   File "/workspace/parameter-golf/train_gpt_v8_xsa_ema.py", line 751, in forward
[rank5]:     attn_out = self.attn(self.attn_norm(x))
[rank5]:   File "/workspace/parameter-golf/train_gpt_v8_xsa_ema.py", line 654, in forward
[rank5]:     q = apply_rotary_emb(q, cos, sin)
[rank5]:   File "/workspace/parameter-golf/train_gpt_v8_xsa_ema.py", line 604, in apply_rotary_emb
[rank5]:     return torch.cat((x1 * cos + x2 * sin, x1 * (-sin) + x2 * cos), dim=-1)

[rank5]: Set TORCHDYNAMO_VERBOSE=1 for the internal stack trace (please do this especially if you're reporting a bug to PyTorch). For even more developer context, set TORCH_LOGS="+dynamo"

[rank4]: Traceback (most recent call last):
[rank4]:   File "/workspace/parameter-golf/train_gpt_v8_xsa_ema.py", line 1432, in <module>
[rank4]:     main()
[rank4]:   File "/workspace/parameter-golf/train_gpt_v8_xsa_ema.py", line 1186, in main
[rank4]:     warmup_loss = model(x, y)
[rank4]:                   ^^^^^^^^^^^
[rank4]:   File "/usr/local/lib/python3.12/dist-packages/torch/nn/modules/module.py", line 1775, in _wrapped_call_impl
[rank4]:     return self._call_impl(*args, **kwargs)
[rank4]:            ^^^^^^^^^^^^^^^^^^^^^^^^^^^^^^^^
[rank4]:   File "/usr/local/lib/python3.12/dist-packages/torch/nn/modules/module.py", line 1786, in _call_impl
[rank4]:     return forward_call(*args, **kwargs)
[rank4]:            ^^^^^^^^^^^^^^^^^^^^^^^^^^^^^
[rank4]:   File "/usr/local/lib/python3.12/dist-packages/torch/nn/parallel/distributed.py", line 1661, in forward
[rank4]:     else self._run_ddp_forward(*inputs, **kwargs)
[rank4]:          ^^^^^^^^^^^^^^^^^^^^^^^^^^^^^^^^^^^^^^^^
[rank4]:   File "/usr/local/lib/python3.12/dist-packages/torch/nn/parallel/distributed.py", line 1487, in _run_ddp_forward
[rank4]:     return self.module(*inputs, **kwargs)  # type: ignore[index]
[rank4]:            ^^^^^^^^^^^^^^^^^^^^^^^^^^^^^^
[rank4]:   File "/usr/local/lib/python3.12/dist-packages/torch/_dynamo/eval_frame.py", line 414, in __call__
[rank4]:     return super().__call__(*args, **kwargs)
[rank4]:            ^^^^^^^^^^^^^^^^^^^^^^^^^^^^^^^^^
[rank4]:   File "/usr/local/lib/python3.12/dist-packages/torch/nn/modules/module.py", line 1775, in _wrapped_call_impl
[rank4]:     return self._call_impl(*args, **kwargs)
[rank4]:            ^^^^^^^^^^^^^^^^^^^^^^^^^^^^^^^^
[rank4]:   File "/usr/local/lib/python3.12/dist-packages/torch/nn/modules/module.py", line 1786, in _call_impl
[rank4]:     return forward_call(*args, **kwargs)
[rank4]:            ^^^^^^^^^^^^^^^^^^^^^^^^^^^^^
[rank4]:   File "/usr/local/lib/python3.12/dist-packages/torch/_dynamo/eval_frame.py", line 832, in compile_wrapper
[rank4]:     return fn(*args, **kwargs)
[rank4]:            ^^^^^^^^^^^^^^^^^^^
[rank4]:   File "/usr/local/lib/python3.12/dist-packages/torch/nn/modules/module.py", line 1775, in _wrapped_call_impl
[rank4]:     return self._call_impl(*args, **kwargs)
[rank4]:            ^^^^^^^^^^^^^^^^^^^^^^^^^^^^^^^^
[rank4]:   File "/usr/local/lib/python3.12/dist-packages/torch/nn/modules/module.py", line 1786, in _call_impl
[rank4]:     return forward_call(*args, **kwargs)
[rank4]:            ^^^^^^^^^^^^^^^^^^^^^^^^^^^^^
[rank4]:   File "/usr/local/lib/python3.12/dist-packages/torch/_dynamo/convert_frame.py", line 1869, in __call__
[rank4]:     return hijacked_callback(
[rank4]:            ^^^^^^^^^^^^^^^^^^
[rank4]:   File "/usr/local/lib/python3.12/dist-packages/torch/_dynamo/convert_frame.py", line 688, in __call__
[rank4]:     result = _compile(
[rank4]:              ^^^^^^^^^
[rank4]:   File "/usr/local/lib/python3.12/dist-packages/torch/_dynamo/convert_frame.py", line 1434, in _compile
[rank4]:     guarded_code, tracer_output = compile_inner(code, one_graph, hooks)
[rank4]:                                   ^^^^^^^^^^^^^^^^^^^^^^^^^^^^^^^^^^^^^
[rank4]:   File "/usr/local/lib/python3.12/dist-packages/torch/_utils_internal.py", line 92, in wrapper_function
[rank4]:     return function(*args, **kwargs)
[rank4]:            ^^^^^^^^^^^^^^^^^^^^^^^^^
[rank4]:   File "/usr/local/lib/python3.12/dist-packages/torch/_dynamo/convert_frame.py", line 1117, in compile_inner
[rank4]:     return _compile_inner(code, one_graph, hooks)
[rank4]:            ^^^^^^^^^^^^^^^^^^^^^^^^^^^^^^^^^^^^^^
[rank4]:   File "/usr/local/lib/python3.12/dist-packages/torch/_dynamo/convert_frame.py", line 1151, in _compile_inner
[rank4]:     dynamo_output = compile_frame(
[rank4]:                     ^^^^^^^^^^^^^^
[rank4]:   File "/usr/local/lib/python3.12/dist-packages/torch/_dynamo/convert_frame.py", line 1032, in compile_frame
[rank4]:     bytecode, tracer_output = transform_code_object(code, transform)
[rank4]:                               ^^^^^^^^^^^^^^^^^^^^^^^^^^^^^^^^^^^^^^
[rank4]:   File "/usr/local/lib/python3.12/dist-packages/torch/_dynamo/bytecode_transformation.py", line 1592, in transform_code_object
[rank4]:     tracer_output = transformations(instructions, code_options)
[rank4]:                     ^^^^^^^^^^^^^^^^^^^^^^^^^^^^^^^^^^^^^^^^^^^
[rank4]:   File "/usr/local/lib/python3.12/dist-packages/torch/_dynamo/convert_frame.py", line 1004, in transform
[rank4]:     tracer_output = trace_frame(
[rank4]:                     ^^^^^^^^^^^^
[rank4]:   File "/usr/local/lib/python3.12/dist-packages/torch/_dynamo/convert_frame.py", line 312, in _fn
[rank4]:     return fn(*args, **kwargs)
[rank4]:            ^^^^^^^^^^^^^^^^^^^
[rank4]:   File "/usr/local/lib/python3.12/dist-packages/torch/_dynamo/convert_frame.py", line 815, in trace_frame
[rank4]:     run_tracer()
[rank4]:   File "/usr/local/lib/python3.12/dist-packages/torch/_dynamo/convert_frame.py", line 797, in run_tracer
[rank4]:     tracer.run()
[rank4]:   File "/usr/local/lib/python3.12/dist-packages/torch/_dynamo/symbolic_convert.py", line 1500, in run
[rank4]:     while self.step():
[rank4]:           ^^^^^^^^^^^
[rank4]:   File "/usr/local/lib/python3.12/dist-packages/torch/_dynamo/symbolic_convert.py", line 1348, in step
[rank4]:     self.dispatch_table[inst.opcode](self, inst)
[rank4]:   File "/usr/local/lib/python3.12/dist-packages/torch/_dynamo/symbolic_convert.py", line 904, in wrapper
[rank4]:     return inner_fn(self, inst)
[rank4]:            ^^^^^^^^^^^^^^^^^^^^
[rank4]:   File "/usr/local/lib/python3.12/dist-packages/torch/_dynamo/symbolic_convert.py", line 3428, in CALL
[rank4]:     self._call(inst)
[rank4]:   File "/usr/local/lib/python3.12/dist-packages/torch/_dynamo/symbolic_convert.py", line 3422, in _call
[rank4]:     self.call_function(fn, args, kwargs)
[rank4]:   File "/usr/local/lib/python3.12/dist-packages/torch/_dynamo/symbolic_convert.py", line 1266, in call_function
[rank4]:     self.push(fn.call_function(self, args, kwargs))  # type: ignore[arg-type]
[rank4]:               ^^^^^^^^^^^^^^^^^^^^^^^^^^^^^^^^^^^^
[rank4]:   File "/usr/local/lib/python3.12/dist-packages/torch/_dynamo/variables/lazy.py", line 212, in realize_and_forward
[rank4]:     return getattr(self.realize(), name)(*args, **kwargs)
[rank4]:            ^^^^^^^^^^^^^^^^^^^^^^^^^^^^^^^^^^^^^^^^^^^^^^
[rank4]:   File "/usr/local/lib/python3.12/dist-packages/torch/_dynamo/variables/nn_module.py", line 1010, in call_function
[rank4]:     return variables.UserFunctionVariable(fn, source=source).call_function(
[rank4]:            ^^^^^^^^^^^^^^^^^^^^^^^^^^^^^^^^^^^^^^^^^^^^^^^^^^^^^^^^^^^^^^^^
[rank4]:   File "/usr/local/lib/python3.12/dist-packages/torch/_dynamo/variables/functions.py", line 598, in call_function
[rank4]:     return super().call_function(tx, args, kwargs)
[rank4]:            ^^^^^^^^^^^^^^^^^^^^^^^^^^^^^^^^^^^^^^^
[rank4]:   File "/usr/local/lib/python3.12/dist-packages/torch/_dynamo/variables/functions.py", line 342, in call_function
[rank4]:     return tx.inline_user_function_return(self, [*self.self_args(), *args], kwargs)
[rank4]:            ^^^^^^^^^^^^^^^^^^^^^^^^^^^^^^^^^^^^^^^^^^^^^^^^^^^^^^^^^^^^^^^^^^^^^^^^
[rank4]:   File "/usr/local/lib/python3.12/dist-packages/torch/_dynamo/symbolic_convert.py", line 1288, in inline_user_function_return
[rank4]:     return InliningInstructionTranslator.inline_call(self, fn, args, kwargs)
[rank4]:            ^^^^^^^^^^^^^^^^^^^^^^^^^^^^^^^^^^^^^^^^^^^^^^^^^^^^^^^^^^^^^^^^^
[rank4]:   File "/usr/local/lib/python3.12/dist-packages/torch/_dynamo/symbolic_convert.py", line 4129, in inline_call
[rank4]:     return tracer.inline_call_()
[rank4]:            ^^^^^^^^^^^^^^^^^^^^^
[rank4]:   File "/usr/local/lib/python3.12/dist-packages/torch/_dynamo/symbolic_convert.py", line 4332, in inline_call_
[rank4]:     self.run()
[rank4]:   File "/usr/local/lib/python3.12/dist-packages/torch/_dynamo/symbolic_convert.py", line 1500, in run
[rank4]:     while self.step():
[rank4]:           ^^^^^^^^^^^
[rank4]:   File "/usr/local/lib/python3.12/dist-packages/torch/_dynamo/symbolic_convert.py", line 1348, in step
[rank4]:     self.dispatch_table[inst.opcode](self, inst)
[rank4]:   File "/usr/local/lib/python3.12/dist-packages/torch/_dynamo/symbolic_convert.py", line 904, in wrapper
[rank4]:     return inner_fn(self, inst)
[rank4]:            ^^^^^^^^^^^^^^^^^^^^
[rank4]:   File "/usr/local/lib/python3.12/dist-packages/torch/_dynamo/symbolic_convert.py", line 3428, in CALL
[rank4]:     self._call(inst)
[rank4]:   File "/usr/local/lib/python3.12/dist-packages/torch/_dynamo/symbolic_convert.py", line 3422, in _call
[rank4]:     self.call_function(fn, args, kwargs)
[rank4]:   File "/usr/local/lib/python3.12/dist-packages/torch/_dynamo/symbolic_convert.py", line 1266, in call_function
[rank4]:     self.push(fn.call_function(self, args, kwargs))  # type: ignore[arg-type]
[rank4]:               ^^^^^^^^^^^^^^^^^^^^^^^^^^^^^^^^^^^^
[rank4]:   File "/usr/local/lib/python3.12/dist-packages/torch/_dynamo/variables/lazy.py", line 212, in realize_and_forward
[rank4]:     return getattr(self.realize(), name)(*args, **kwargs)
[rank4]:            ^^^^^^^^^^^^^^^^^^^^^^^^^^^^^^^^^^^^^^^^^^^^^^
[rank4]:   File "/usr/local/lib/python3.12/dist-packages/torch/_dynamo/variables/nn_module.py", line 1010, in call_function
[rank4]:     return variables.UserFunctionVariable(fn, source=source).call_function(
[rank4]:            ^^^^^^^^^^^^^^^^^^^^^^^^^^^^^^^^^^^^^^^^^^^^^^^^^^^^^^^^^^^^^^^^
[rank4]:   File "/usr/local/lib/python3.12/dist-packages/torch/_dynamo/variables/functions.py", line 598, in call_function
[rank4]:     return super().call_function(tx, args, kwargs)
[rank4]:            ^^^^^^^^^^^^^^^^^^^^^^^^^^^^^^^^^^^^^^^
[rank4]:   File "/usr/local/lib/python3.12/dist-packages/torch/_dynamo/variables/functions.py", line 342, in call_function
[rank4]:     return tx.inline_user_function_return(self, [*self.self_args(), *args], kwargs)
[rank4]:            ^^^^^^^^^^^^^^^^^^^^^^^^^^^^^^^^^^^^^^^^^^^^^^^^^^^^^^^^^^^^^^^^^^^^^^^^
[rank4]:   File "/usr/local/lib/python3.12/dist-packages/torch/_dynamo/symbolic_convert.py", line 1288, in inline_user_function_return
[rank4]:     return InliningInstructionTranslator.inline_call(self, fn, args, kwargs)
[rank4]:            ^^^^^^^^^^^^^^^^^^^^^^^^^^^^^^^^^^^^^^^^^^^^^^^^^^^^^^^^^^^^^^^^^
[rank4]:   File "/usr/local/lib/python3.12/dist-packages/torch/_dynamo/symbolic_convert.py", line 4129, in inline_call
[rank4]:     return tracer.inline_call_()
[rank4]:            ^^^^^^^^^^^^^^^^^^^^^
[rank4]:   File "/usr/local/lib/python3.12/dist-packages/torch/_dynamo/symbolic_convert.py", line 4332, in inline_call_
[rank4]:     self.run()
[rank4]:   File "/usr/local/lib/python3.12/dist-packages/torch/_dynamo/symbolic_convert.py", line 1500, in run
[rank4]:     while self.step():
[rank4]:           ^^^^^^^^^^^
[rank4]:   File "/usr/local/lib/python3.12/dist-packages/torch/_dynamo/symbolic_convert.py", line 1348, in step
[rank4]:     self.dispatch_table[inst.opcode](self, inst)
[rank4]:   File "/usr/local/lib/python3.12/dist-packages/torch/_dynamo/symbolic_convert.py", line 904, in wrapper
[rank4]:     return inner_fn(self, inst)
[rank4]:            ^^^^^^^^^^^^^^^^^^^^
[rank4]:   File "/usr/local/lib/python3.12/dist-packages/torch/_dynamo/symbolic_convert.py", line 3428, in CALL
[rank4]:     self._call(inst)
[rank4]:   File "/usr/local/lib/python3.12/dist-packages/torch/_dynamo/symbolic_convert.py", line 3422, in _call
[rank4]:     self.call_function(fn, args, kwargs)
[rank4]:   File "/usr/local/lib/python3.12/dist-packages/torch/_dynamo/symbolic_convert.py", line 1266, in call_function
[rank4]:     self.push(fn.call_function(self, args, kwargs))  # type: ignore[arg-type]
[rank4]:               ^^^^^^^^^^^^^^^^^^^^^^^^^^^^^^^^^^^^
[rank4]:   File "/usr/local/lib/python3.12/dist-packages/torch/_dynamo/variables/lazy.py", line 212, in realize_and_forward
[rank4]:     return getattr(self.realize(), name)(*args, **kwargs)
[rank4]:            ^^^^^^^^^^^^^^^^^^^^^^^^^^^^^^^^^^^^^^^^^^^^^^
[rank4]:   File "/usr/local/lib/python3.12/dist-packages/torch/_dynamo/variables/functions.py", line 598, in call_function
[rank4]:     return super().call_function(tx, args, kwargs)
[rank4]:            ^^^^^^^^^^^^^^^^^^^^^^^^^^^^^^^^^^^^^^^
[rank4]:   File "/usr/local/lib/python3.12/dist-packages/torch/_dynamo/variables/functions.py", line 342, in call_function
[rank4]:     return tx.inline_user_function_return(self, [*self.self_args(), *args], kwargs)
[rank4]:            ^^^^^^^^^^^^^^^^^^^^^^^^^^^^^^^^^^^^^^^^^^^^^^^^^^^^^^^^^^^^^^^^^^^^^^^^
[rank4]:   File "/usr/local/lib/python3.12/dist-packages/torch/_dynamo/symbolic_convert.py", line 1288, in inline_user_function_return
[rank4]:     return InliningInstructionTranslator.inline_call(self, fn, args, kwargs)
[rank4]:            ^^^^^^^^^^^^^^^^^^^^^^^^^^^^^^^^^^^^^^^^^^^^^^^^^^^^^^^^^^^^^^^^^
[rank4]:   File "/usr/local/lib/python3.12/dist-packages/torch/_dynamo/symbolic_convert.py", line 4129, in inline_call
[rank4]:     return tracer.inline_call_()
[rank4]:            ^^^^^^^^^^^^^^^^^^^^^
[rank4]:   File "/usr/local/lib/python3.12/dist-packages/torch/_dynamo/symbolic_convert.py", line 4332, in inline_call_
[rank4]:     self.run()
[rank4]:   File "/usr/local/lib/python3.12/dist-packages/torch/_dynamo/symbolic_convert.py", line 1500, in run
[rank4]:     while self.step():
[rank4]:           ^^^^^^^^^^^
[rank4]:   File "/usr/local/lib/python3.12/dist-packages/torch/_dynamo/symbolic_convert.py", line 1348, in step
[rank4]:     self.dispatch_table[inst.opcode](self, inst)
[rank4]:   File "/usr/local/lib/python3.12/dist-packages/torch/_dynamo/symbolic_convert.py", line 3368, in BINARY_OP
[rank4]:     return _binary_op_lookup[inst.arg](self, inst)
[rank4]:            ^^^^^^^^^^^^^^^^^^^^^^^^^^^^^^^^^^^^^^^
[rank4]:   File "/usr/local/lib/python3.12/dist-packages/torch/_dynamo/symbolic_convert.py", line 462, in impl
[rank4]:     self.push(fn_var.call_function(self, self.popn(nargs), {}))
[rank4]:               ^^^^^^^^^^^^^^^^^^^^^^^^^^^^^^^^^^^^^^^^^^^^^^^^
[rank4]:   File "/usr/local/lib/python3.12/dist-packages/torch/_dynamo/variables/builtin.py", line 1347, in call_function
[rank4]:     return handler(tx, args, kwargs)
[rank4]:            ^^^^^^^^^^^^^^^^^^^^^^^^^
[rank4]:   File "/usr/local/lib/python3.12/dist-packages/torch/_dynamo/variables/builtin.py", line 1307, in _handle_insert_op_in_graph
[rank4]:     return wrap_fx_proxy(tx, proxy)
[rank4]:            ^^^^^^^^^^^^^^^^^^^^^^^^
[rank4]:   File "/usr/local/lib/python3.12/dist-packages/torch/_dynamo/variables/builder.py", line 2645, in wrap_fx_proxy
[rank4]:     return wrap_fx_proxy_cls(target_cls=TensorVariable, **kwargs)
[rank4]:            ^^^^^^^^^^^^^^^^^^^^^^^^^^^^^^^^^^^^^^^^^^^^^^^^^^^^^^
[rank4]:   File "/usr/local/lib/python3.12/dist-packages/torch/_dynamo/variables/builder.py", line 2711, in wrap_fx_proxy_cls
[rank4]:     return _wrap_fx_proxy(
[rank4]:            ^^^^^^^^^^^^^^^
[rank4]:   File "/usr/local/lib/python3.12/dist-packages/torch/_dynamo/variables/builder.py", line 2809, in _wrap_fx_proxy
[rank4]:     example_value = get_fake_value(proxy.node, tx, allow_non_graph_fake=True)
[rank4]:                     ^^^^^^^^^^^^^^^^^^^^^^^^^^^^^^^^^^^^^^^^^^^^^^^^^^^^^^^^^
[rank4]:   File "/usr/local/lib/python3.12/dist-packages/torch/_dynamo/utils.py", line 3478, in get_fake_value
[rank4]:     raise TorchRuntimeError(str(e)).with_traceback(e.__traceback__) from None
[rank4]:   File "/usr/local/lib/python3.12/dist-packages/torch/_dynamo/utils.py", line 3376, in get_fake_value
[rank4]:     ret_val = wrap_fake_exception(
[rank4]:               ^^^^^^^^^^^^^^^^^^^^
[rank4]:   File "/usr/local/lib/python3.12/dist-packages/torch/_dynamo/utils.py", line 2864, in wrap_fake_exception
[rank4]:     return fn()
[rank4]:            ^^^^
[rank4]:   File "/usr/local/lib/python3.12/dist-packages/torch/_dynamo/utils.py", line 3377, in <lambda>
[rank4]:     lambda: run_node(tx.output, node, args, kwargs, nnmodule)
[rank4]:             ^^^^^^^^^^^^^^^^^^^^^^^^^^^^^^^^^^^^^^^^^^^^^^^^^
[rank4]:   File "/usr/local/lib/python3.12/dist-packages/torch/_dynamo/utils.py", line 3587, in run_node
[rank4]:     raise RuntimeError(make_error_message(e)).with_traceback(
[rank4]:   File "/usr/local/lib/python3.12/dist-packages/torch/_dynamo/utils.py", line 3546, in run_node
[rank4]:     return node.target(*args, **kwargs)  # type: ignore[operator]
[rank4]:            ^^^^^^^^^^^^^^^^^^^^^^^^^^^^
[rank4]:   File "/usr/local/lib/python3.12/dist-packages/torch/utils/_stats.py", line 28, in wrapper
[rank4]:     return fn(*args, **kwargs)
[rank4]:            ^^^^^^^^^^^^^^^^^^^
[rank4]:   File "/usr/local/lib/python3.12/dist-packages/torch/_subclasses/fake_tensor.py", line 1376, in __torch_dispatch__
[rank4]:     return self.dispatch(func, types, args, kwargs)
[rank4]:            ^^^^^^^^^^^^^^^^^^^^^^^^^^^^^^^^^^^^^^^^
[rank4]:   File "/usr/local/lib/python3.12/dist-packages/torch/_subclasses/fake_tensor.py", line 2096, in dispatch
[rank4]:     return self._cached_dispatch_impl(func, types, args, kwargs)
[rank4]:            ^^^^^^^^^^^^^^^^^^^^^^^^^^^^^^^^^^^^^^^^^^^^^^^^^^^^^
[rank4]:   File "/usr/local/lib/python3.12/dist-packages/torch/_subclasses/fake_tensor.py", line 1511, in _cached_dispatch_impl
[rank4]:     output = self._dispatch_impl(func, types, args, kwargs)
[rank4]:              ^^^^^^^^^^^^^^^^^^^^^^^^^^^^^^^^^^^^^^^^^^^^^^
[rank4]:   File "/usr/local/lib/python3.12/dist-packages/torch/_subclasses/fake_tensor.py", line 2755, in _dispatch_impl
[rank4]:     r = func(*args, **kwargs)
[rank4]:         ^^^^^^^^^^^^^^^^^^^^^
[rank4]:   File "/usr/local/lib/python3.12/dist-packages/torch/_ops.py", line 841, in __call__
[rank4]:     return self._op(*args, **kwargs)
[rank4]:            ^^^^^^^^^^^^^^^^^^^^^^^^^
[rank4]:   File "/usr/local/lib/python3.12/dist-packages/torch/_prims_common/wrappers.py", line 309, in _fn
[rank4]:     result = fn(*args, **kwargs)
[rank4]:              ^^^^^^^^^^^^^^^^^^^
[rank4]:   File "/usr/local/lib/python3.12/dist-packages/torch/_compile.py", line 53, in inner
[rank4]:     return disable_fn(*args, **kwargs)
[rank4]:            ^^^^^^^^^^^^^^^^^^^^^^^^^^^
[rank4]:   File "/usr/local/lib/python3.12/dist-packages/torch/_dynamo/eval_frame.py", line 1044, in _fn
[rank4]:     return fn(*args, **kwargs)
[rank4]:            ^^^^^^^^^^^^^^^^^^^
[rank4]:   File "/usr/local/lib/python3.12/dist-packages/torch/_prims_common/wrappers.py", line 149, in _fn
[rank4]:     result = fn(**bound.arguments)
[rank4]:              ^^^^^^^^^^^^^^^^^^^^^
[rank4]:   File "/usr/local/lib/python3.12/dist-packages/torch/_refs/__init__.py", line 1138, in _ref
[rank4]:     a, b = _maybe_broadcast(a, b)
[rank4]:            ^^^^^^^^^^^^^^^^^^^^^^
[rank4]:   File "/usr/local/lib/python3.12/dist-packages/torch/_refs/__init__.py", line 448, in _maybe_broadcast
[rank4]:     common_shape = _broadcast_shapes(
[rank4]:                    ^^^^^^^^^^^^^^^^^^
[rank4]:   File "/usr/local/lib/python3.12/dist-packages/torch/_refs/__init__.py", line 436, in _broadcast_shapes
[rank4]:     torch._check(
[rank4]:   File "/usr/local/lib/python3.12/dist-packages/torch/__init__.py", line 1695, in _check
[rank4]:     _check_with(RuntimeError, cond, message)
[rank4]:   File "/usr/local/lib/python3.12/dist-packages/torch/__init__.py", line 1677, in _check_with
[rank4]:     raise error_type(message_evaluated)
[rank4]: torch._dynamo.exc.TorchRuntimeError: Dynamo failed to run FX node with fake tensors: call_function <built-in function mul>(*(FakeTensor(..., device='cuda:4', size=(32, 2048, 8, 32), dtype=torch.bfloat16,
[rank4]:            grad_fn=<SliceBackward0>), FakeTensor(..., device='cuda:4', size=(1, 1, 2048, 32), dtype=torch.bfloat16)), **{}): got RuntimeError('Attempting to broadcast a dimension of length 2048 at -2! Mismatching argument at index 1 had torch.Size([1, 1, 2048, 32]); but expected shape should be broadcastable to [32, 2048, 8, 32]')

[rank4]: from user code:
[rank4]:    File "/workspace/parameter-golf/train_gpt_v8_xsa_ema.py", line 838, in forward
[rank4]:     x = self.blocks[i](x, x0)
[rank4]:   File "/workspace/parameter-golf/train_gpt_v8_xsa_ema.py", line 751, in forward
[rank4]:     attn_out = self.attn(self.attn_norm(x))
[rank4]:   File "/workspace/parameter-golf/train_gpt_v8_xsa_ema.py", line 654, in forward
[rank4]:     q = apply_rotary_emb(q, cos, sin)
[rank4]:   File "/workspace/parameter-golf/train_gpt_v8_xsa_ema.py", line 604, in apply_rotary_emb
[rank4]:     return torch.cat((x1 * cos + x2 * sin, x1 * (-sin) + x2 * cos), dim=-1)

[rank4]: Set TORCHDYNAMO_VERBOSE=1 for the internal stack trace (please do this especially if you're reporting a bug to PyTorch). For even more developer context, set TORCH_LOGS="+dynamo"

[rank3]: Traceback (most recent call last):
[rank3]:   File "/workspace/parameter-golf/train_gpt_v8_xsa_ema.py", line 1432, in <module>
[rank3]:     main()
[rank3]:   File "/workspace/parameter-golf/train_gpt_v8_xsa_ema.py", line 1186, in main
[rank3]:     warmup_loss = model(x, y)
[rank3]:                   ^^^^^^^^^^^
[rank3]:   File "/usr/local/lib/python3.12/dist-packages/torch/nn/modules/module.py", line 1775, in _wrapped_call_impl
[rank3]:     return self._call_impl(*args, **kwargs)
[rank3]:            ^^^^^^^^^^^^^^^^^^^^^^^^^^^^^^^^
[rank3]:   File "/usr/local/lib/python3.12/dist-packages/torch/nn/modules/module.py", line 1786, in _call_impl
[rank3]:     return forward_call(*args, **kwargs)
[rank3]:            ^^^^^^^^^^^^^^^^^^^^^^^^^^^^^
[rank3]:   File "/usr/local/lib/python3.12/dist-packages/torch/nn/parallel/distributed.py", line 1661, in forward
[rank3]:     else self._run_ddp_forward(*inputs, **kwargs)
[rank3]:          ^^^^^^^^^^^^^^^^^^^^^^^^^^^^^^^^^^^^^^^^
[rank3]:   File "/usr/local/lib/python3.12/dist-packages/torch/nn/parallel/distributed.py", line 1487, in _run_ddp_forward
[rank3]:     return self.module(*inputs, **kwargs)  # type: ignore[index]
[rank3]:            ^^^^^^^^^^^^^^^^^^^^^^^^^^^^^^
[rank3]:   File "/usr/local/lib/python3.12/dist-packages/torch/_dynamo/eval_frame.py", line 414, in __call__
[rank3]:     return super().__call__(*args, **kwargs)
[rank3]:            ^^^^^^^^^^^^^^^^^^^^^^^^^^^^^^^^^
[rank3]:   File "/usr/local/lib/python3.12/dist-packages/torch/nn/modules/module.py", line 1775, in _wrapped_call_impl
[rank3]:     return self._call_impl(*args, **kwargs)
[rank3]:            ^^^^^^^^^^^^^^^^^^^^^^^^^^^^^^^^
[rank3]:   File "/usr/local/lib/python3.12/dist-packages/torch/nn/modules/module.py", line 1786, in _call_impl
[rank3]:     return forward_call(*args, **kwargs)
[rank3]:            ^^^^^^^^^^^^^^^^^^^^^^^^^^^^^
[rank3]:   File "/usr/local/lib/python3.12/dist-packages/torch/_dynamo/eval_frame.py", line 832, in compile_wrapper
[rank3]:     return fn(*args, **kwargs)
[rank3]:            ^^^^^^^^^^^^^^^^^^^
[rank3]:   File "/usr/local/lib/python3.12/dist-packages/torch/nn/modules/module.py", line 1775, in _wrapped_call_impl
[rank3]:     return self._call_impl(*args, **kwargs)
[rank3]:            ^^^^^^^^^^^^^^^^^^^^^^^^^^^^^^^^
[rank3]:   File "/usr/local/lib/python3.12/dist-packages/torch/nn/modules/module.py", line 1786, in _call_impl
[rank3]:     return forward_call(*args, **kwargs)
[rank3]:            ^^^^^^^^^^^^^^^^^^^^^^^^^^^^^
[rank3]:   File "/usr/local/lib/python3.12/dist-packages/torch/_dynamo/convert_frame.py", line 1869, in __call__
[rank3]:     return hijacked_callback(
[rank3]:            ^^^^^^^^^^^^^^^^^^
[rank3]:   File "/usr/local/lib/python3.12/dist-packages/torch/_dynamo/convert_frame.py", line 688, in __call__
[rank3]:     result = _compile(
[rank3]:              ^^^^^^^^^
[rank3]:   File "/usr/local/lib/python3.12/dist-packages/torch/_dynamo/convert_frame.py", line 1434, in _compile
[rank3]:     guarded_code, tracer_output = compile_inner(code, one_graph, hooks)
[rank3]:                                   ^^^^^^^^^^^^^^^^^^^^^^^^^^^^^^^^^^^^^
[rank3]:   File "/usr/local/lib/python3.12/dist-packages/torch/_utils_internal.py", line 92, in wrapper_function
[rank3]:     return function(*args, **kwargs)
[rank3]:            ^^^^^^^^^^^^^^^^^^^^^^^^^
[rank3]:   File "/usr/local/lib/python3.12/dist-packages/torch/_dynamo/convert_frame.py", line 1117, in compile_inner
[rank3]:     return _compile_inner(code, one_graph, hooks)
[rank3]:            ^^^^^^^^^^^^^^^^^^^^^^^^^^^^^^^^^^^^^^
[rank3]:   File "/usr/local/lib/python3.12/dist-packages/torch/_dynamo/convert_frame.py", line 1151, in _compile_inner
[rank3]:     dynamo_output = compile_frame(
[rank3]:                     ^^^^^^^^^^^^^^
[rank3]:   File "/usr/local/lib/python3.12/dist-packages/torch/_dynamo/convert_frame.py", line 1032, in compile_frame
[rank3]:     bytecode, tracer_output = transform_code_object(code, transform)
[rank3]:                               ^^^^^^^^^^^^^^^^^^^^^^^^^^^^^^^^^^^^^^
[rank3]:   File "/usr/local/lib/python3.12/dist-packages/torch/_dynamo/bytecode_transformation.py", line 1592, in transform_code_object
[rank3]:     tracer_output = transformations(instructions, code_options)
[rank3]:                     ^^^^^^^^^^^^^^^^^^^^^^^^^^^^^^^^^^^^^^^^^^^
[rank3]:   File "/usr/local/lib/python3.12/dist-packages/torch/_dynamo/convert_frame.py", line 1004, in transform
[rank3]:     tracer_output = trace_frame(
[rank3]:                     ^^^^^^^^^^^^
[rank3]:   File "/usr/local/lib/python3.12/dist-packages/torch/_dynamo/convert_frame.py", line 312, in _fn
[rank3]:     return fn(*args, **kwargs)
[rank3]:            ^^^^^^^^^^^^^^^^^^^
[rank3]:   File "/usr/local/lib/python3.12/dist-packages/torch/_dynamo/convert_frame.py", line 815, in trace_frame
[rank3]:     run_tracer()
[rank3]:   File "/usr/local/lib/python3.12/dist-packages/torch/_dynamo/convert_frame.py", line 797, in run_tracer
[rank3]:     tracer.run()
[rank3]:   File "/usr/local/lib/python3.12/dist-packages/torch/_dynamo/symbolic_convert.py", line 1500, in run
[rank3]:     while self.step():
[rank3]:           ^^^^^^^^^^^
[rank3]:   File "/usr/local/lib/python3.12/dist-packages/torch/_dynamo/symbolic_convert.py", line 1348, in step
[rank3]:     self.dispatch_table[inst.opcode](self, inst)
[rank3]:   File "/usr/local/lib/python3.12/dist-packages/torch/_dynamo/symbolic_convert.py", line 904, in wrapper
[rank3]:     return inner_fn(self, inst)
[rank3]:            ^^^^^^^^^^^^^^^^^^^^
[rank3]:   File "/usr/local/lib/python3.12/dist-packages/torch/_dynamo/symbolic_convert.py", line 3428, in CALL
[rank3]:     self._call(inst)
[rank3]:   File "/usr/local/lib/python3.12/dist-packages/torch/_dynamo/symbolic_convert.py", line 3422, in _call
[rank3]:     self.call_function(fn, args, kwargs)
[rank3]:   File "/usr/local/lib/python3.12/dist-packages/torch/_dynamo/symbolic_convert.py", line 1266, in call_function
[rank3]:     self.push(fn.call_function(self, args, kwargs))  # type: ignore[arg-type]
[rank3]:               ^^^^^^^^^^^^^^^^^^^^^^^^^^^^^^^^^^^^
[rank3]:   File "/usr/local/lib/python3.12/dist-packages/torch/_dynamo/variables/lazy.py", line 212, in realize_and_forward
[rank3]:     return getattr(self.realize(), name)(*args, **kwargs)
[rank3]:            ^^^^^^^^^^^^^^^^^^^^^^^^^^^^^^^^^^^^^^^^^^^^^^
[rank3]:   File "/usr/local/lib/python3.12/dist-packages/torch/_dynamo/variables/nn_module.py", line 1010, in call_function
[rank3]:     return variables.UserFunctionVariable(fn, source=source).call_function(
[rank3]:            ^^^^^^^^^^^^^^^^^^^^^^^^^^^^^^^^^^^^^^^^^^^^^^^^^^^^^^^^^^^^^^^^
[rank3]:   File "/usr/local/lib/python3.12/dist-packages/torch/_dynamo/variables/functions.py", line 598, in call_function
[rank3]:     return super().call_function(tx, args, kwargs)
[rank3]:            ^^^^^^^^^^^^^^^^^^^^^^^^^^^^^^^^^^^^^^^
[rank3]:   File "/usr/local/lib/python3.12/dist-packages/torch/_dynamo/variables/functions.py", line 342, in call_function
[rank3]:     return tx.inline_user_function_return(self, [*self.self_args(), *args], kwargs)
[rank3]:            ^^^^^^^^^^^^^^^^^^^^^^^^^^^^^^^^^^^^^^^^^^^^^^^^^^^^^^^^^^^^^^^^^^^^^^^^
[rank3]:   File "/usr/local/lib/python3.12/dist-packages/torch/_dynamo/symbolic_convert.py", line 1288, in inline_user_function_return
[rank3]:     return InliningInstructionTranslator.inline_call(self, fn, args, kwargs)
[rank3]:            ^^^^^^^^^^^^^^^^^^^^^^^^^^^^^^^^^^^^^^^^^^^^^^^^^^^^^^^^^^^^^^^^^
[rank3]:   File "/usr/local/lib/python3.12/dist-packages/torch/_dynamo/symbolic_convert.py", line 4129, in inline_call
[rank3]:     return tracer.inline_call_()
[rank3]:            ^^^^^^^^^^^^^^^^^^^^^
[rank3]:   File "/usr/local/lib/python3.12/dist-packages/torch/_dynamo/symbolic_convert.py", line 4332, in inline_call_
[rank3]:     self.run()
[rank3]:   File "/usr/local/lib/python3.12/dist-packages/torch/_dynamo/symbolic_convert.py", line 1500, in run
[rank3]:     while self.step():
[rank3]:           ^^^^^^^^^^^
[rank3]:   File "/usr/local/lib/python3.12/dist-packages/torch/_dynamo/symbolic_convert.py", line 1348, in step
[rank3]:     self.dispatch_table[inst.opcode](self, inst)
[rank3]:   File "/usr/local/lib/python3.12/dist-packages/torch/_dynamo/symbolic_convert.py", line 904, in wrapper
[rank3]:     return inner_fn(self, inst)
[rank3]:            ^^^^^^^^^^^^^^^^^^^^
[rank3]:   File "/usr/local/lib/python3.12/dist-packages/torch/_dynamo/symbolic_convert.py", line 3428, in CALL
[rank3]:     self._call(inst)
[rank3]:   File "/usr/local/lib/python3.12/dist-packages/torch/_dynamo/symbolic_convert.py", line 3422, in _call
[rank3]:     self.call_function(fn, args, kwargs)
[rank3]:   File "/usr/local/lib/python3.12/dist-packages/torch/_dynamo/symbolic_convert.py", line 1266, in call_function
[rank3]:     self.push(fn.call_function(self, args, kwargs))  # type: ignore[arg-type]
[rank3]:               ^^^^^^^^^^^^^^^^^^^^^^^^^^^^^^^^^^^^
[rank3]:   File "/usr/local/lib/python3.12/dist-packages/torch/_dynamo/variables/lazy.py", line 212, in realize_and_forward
[rank3]:     return getattr(self.realize(), name)(*args, **kwargs)
[rank3]:            ^^^^^^^^^^^^^^^^^^^^^^^^^^^^^^^^^^^^^^^^^^^^^^
[rank3]:   File "/usr/local/lib/python3.12/dist-packages/torch/_dynamo/variables/nn_module.py", line 1010, in call_function
[rank3]:     return variables.UserFunctionVariable(fn, source=source).call_function(
[rank3]:            ^^^^^^^^^^^^^^^^^^^^^^^^^^^^^^^^^^^^^^^^^^^^^^^^^^^^^^^^^^^^^^^^
[rank3]:   File "/usr/local/lib/python3.12/dist-packages/torch/_dynamo/variables/functions.py", line 598, in call_function
[rank3]:     return super().call_function(tx, args, kwargs)
[rank3]:            ^^^^^^^^^^^^^^^^^^^^^^^^^^^^^^^^^^^^^^^
[rank3]:   File "/usr/local/lib/python3.12/dist-packages/torch/_dynamo/variables/functions.py", line 342, in call_function
[rank3]:     return tx.inline_user_function_return(self, [*self.self_args(), *args], kwargs)
[rank3]:            ^^^^^^^^^^^^^^^^^^^^^^^^^^^^^^^^^^^^^^^^^^^^^^^^^^^^^^^^^^^^^^^^^^^^^^^^
[rank3]:   File "/usr/local/lib/python3.12/dist-packages/torch/_dynamo/symbolic_convert.py", line 1288, in inline_user_function_return
[rank3]:     return InliningInstructionTranslator.inline_call(self, fn, args, kwargs)
[rank3]:            ^^^^^^^^^^^^^^^^^^^^^^^^^^^^^^^^^^^^^^^^^^^^^^^^^^^^^^^^^^^^^^^^^
[rank3]:   File "/usr/local/lib/python3.12/dist-packages/torch/_dynamo/symbolic_convert.py", line 4129, in inline_call
[rank3]:     return tracer.inline_call_()
[rank3]:            ^^^^^^^^^^^^^^^^^^^^^
[rank3]:   File "/usr/local/lib/python3.12/dist-packages/torch/_dynamo/symbolic_convert.py", line 4332, in inline_call_
[rank3]:     self.run()
[rank3]:   File "/usr/local/lib/python3.12/dist-packages/torch/_dynamo/symbolic_convert.py", line 1500, in run
[rank3]:     while self.step():
[rank3]:           ^^^^^^^^^^^
[rank3]:   File "/usr/local/lib/python3.12/dist-packages/torch/_dynamo/symbolic_convert.py", line 1348, in step
[rank3]:     self.dispatch_table[inst.opcode](self, inst)
[rank3]:   File "/usr/local/lib/python3.12/dist-packages/torch/_dynamo/symbolic_convert.py", line 904, in wrapper
[rank3]:     return inner_fn(self, inst)
[rank3]:            ^^^^^^^^^^^^^^^^^^^^
[rank3]:   File "/usr/local/lib/python3.12/dist-packages/torch/_dynamo/symbolic_convert.py", line 3428, in CALL
[rank3]:     self._call(inst)
[rank3]:   File "/usr/local/lib/python3.12/dist-packages/torch/_dynamo/symbolic_convert.py", line 3422, in _call
[rank3]:     self.call_function(fn, args, kwargs)
[rank3]:   File "/usr/local/lib/python3.12/dist-packages/torch/_dynamo/symbolic_convert.py", line 1266, in call_function
[rank3]:     self.push(fn.call_function(self, args, kwargs))  # type: ignore[arg-type]
[rank3]:               ^^^^^^^^^^^^^^^^^^^^^^^^^^^^^^^^^^^^
[rank3]:   File "/usr/local/lib/python3.12/dist-packages/torch/_dynamo/variables/lazy.py", line 212, in realize_and_forward
[rank3]:     return getattr(self.realize(), name)(*args, **kwargs)
[rank3]:            ^^^^^^^^^^^^^^^^^^^^^^^^^^^^^^^^^^^^^^^^^^^^^^
[rank3]:   File "/usr/local/lib/python3.12/dist-packages/torch/_dynamo/variables/functions.py", line 598, in call_function
[rank3]:     return super().call_function(tx, args, kwargs)
[rank3]:            ^^^^^^^^^^^^^^^^^^^^^^^^^^^^^^^^^^^^^^^
[rank3]:   File "/usr/local/lib/python3.12/dist-packages/torch/_dynamo/variables/functions.py", line 342, in call_function
[rank3]:     return tx.inline_user_function_return(self, [*self.self_args(), *args], kwargs)
[rank3]:            ^^^^^^^^^^^^^^^^^^^^^^^^^^^^^^^^^^^^^^^^^^^^^^^^^^^^^^^^^^^^^^^^^^^^^^^^
[rank3]:   File "/usr/local/lib/python3.12/dist-packages/torch/_dynamo/symbolic_convert.py", line 1288, in inline_user_function_return
[rank3]:     return InliningInstructionTranslator.inline_call(self, fn, args, kwargs)
[rank3]:            ^^^^^^^^^^^^^^^^^^^^^^^^^^^^^^^^^^^^^^^^^^^^^^^^^^^^^^^^^^^^^^^^^
[rank3]:   File "/usr/local/lib/python3.12/dist-packages/torch/_dynamo/symbolic_convert.py", line 4129, in inline_call
[rank3]:     return tracer.inline_call_()
[rank3]:            ^^^^^^^^^^^^^^^^^^^^^
[rank3]:   File "/usr/local/lib/python3.12/dist-packages/torch/_dynamo/symbolic_convert.py", line 4332, in inline_call_
[rank3]:     self.run()
[rank3]:   File "/usr/local/lib/python3.12/dist-packages/torch/_dynamo/symbolic_convert.py", line 1500, in run
[rank3]:     while self.step():
[rank3]:           ^^^^^^^^^^^
[rank3]:   File "/usr/local/lib/python3.12/dist-packages/torch/_dynamo/symbolic_convert.py", line 1348, in step
[rank3]:     self.dispatch_table[inst.opcode](self, inst)
[rank3]:   File "/usr/local/lib/python3.12/dist-packages/torch/_dynamo/symbolic_convert.py", line 3368, in BINARY_OP
[rank3]:     return _binary_op_lookup[inst.arg](self, inst)
[rank3]:            ^^^^^^^^^^^^^^^^^^^^^^^^^^^^^^^^^^^^^^^
[rank3]:   File "/usr/local/lib/python3.12/dist-packages/torch/_dynamo/symbolic_convert.py", line 462, in impl
[rank3]:     self.push(fn_var.call_function(self, self.popn(nargs), {}))
[rank3]:               ^^^^^^^^^^^^^^^^^^^^^^^^^^^^^^^^^^^^^^^^^^^^^^^^
[rank3]:   File "/usr/local/lib/python3.12/dist-packages/torch/_dynamo/variables/builtin.py", line 1347, in call_function
[rank3]:     return handler(tx, args, kwargs)
[rank3]:            ^^^^^^^^^^^^^^^^^^^^^^^^^
[rank3]:   File "/usr/local/lib/python3.12/dist-packages/torch/_dynamo/variables/builtin.py", line 1307, in _handle_insert_op_in_graph
[rank3]:     return wrap_fx_proxy(tx, proxy)
[rank3]:            ^^^^^^^^^^^^^^^^^^^^^^^^
[rank3]:   File "/usr/local/lib/python3.12/dist-packages/torch/_dynamo/variables/builder.py", line 2645, in wrap_fx_proxy
[rank3]:     return wrap_fx_proxy_cls(target_cls=TensorVariable, **kwargs)
[rank3]:            ^^^^^^^^^^^^^^^^^^^^^^^^^^^^^^^^^^^^^^^^^^^^^^^^^^^^^^
[rank3]:   File "/usr/local/lib/python3.12/dist-packages/torch/_dynamo/variables/builder.py", line 2711, in wrap_fx_proxy_cls
[rank3]:     return _wrap_fx_proxy(
[rank3]:            ^^^^^^^^^^^^^^^
[rank3]:   File "/usr/local/lib/python3.12/dist-packages/torch/_dynamo/variables/builder.py", line 2809, in _wrap_fx_proxy
[rank3]:     example_value = get_fake_value(proxy.node, tx, allow_non_graph_fake=True)
[rank3]:                     ^^^^^^^^^^^^^^^^^^^^^^^^^^^^^^^^^^^^^^^^^^^^^^^^^^^^^^^^^
[rank3]:   File "/usr/local/lib/python3.12/dist-packages/torch/_dynamo/utils.py", line 3478, in get_fake_value
[rank3]:     raise TorchRuntimeError(str(e)).with_traceback(e.__traceback__) from None
[rank3]:   File "/usr/local/lib/python3.12/dist-packages/torch/_dynamo/utils.py", line 3376, in get_fake_value
[rank3]:     ret_val = wrap_fake_exception(
[rank3]:               ^^^^^^^^^^^^^^^^^^^^
[rank3]:   File "/usr/local/lib/python3.12/dist-packages/torch/_dynamo/utils.py", line 2864, in wrap_fake_exception
[rank3]:     return fn()
[rank3]:            ^^^^
[rank3]:   File "/usr/local/lib/python3.12/dist-packages/torch/_dynamo/utils.py", line 3377, in <lambda>
[rank3]:     lambda: run_node(tx.output, node, args, kwargs, nnmodule)
[rank3]:             ^^^^^^^^^^^^^^^^^^^^^^^^^^^^^^^^^^^^^^^^^^^^^^^^^
[rank3]:   File "/usr/local/lib/python3.12/dist-packages/torch/_dynamo/utils.py", line 3587, in run_node
[rank3]:     raise RuntimeError(make_error_message(e)).with_traceback(
[rank3]:   File "/usr/local/lib/python3.12/dist-packages/torch/_dynamo/utils.py", line 3546, in run_node
[rank3]:     return node.target(*args, **kwargs)  # type: ignore[operator]
[rank3]:            ^^^^^^^^^^^^^^^^^^^^^^^^^^^^
[rank3]:   File "/usr/local/lib/python3.12/dist-packages/torch/utils/_stats.py", line 28, in wrapper
[rank3]:     return fn(*args, **kwargs)
[rank3]:            ^^^^^^^^^^^^^^^^^^^
[rank3]:   File "/usr/local/lib/python3.12/dist-packages/torch/_subclasses/fake_tensor.py", line 1376, in __torch_dispatch__
[rank3]:     return self.dispatch(func, types, args, kwargs)
[rank3]:            ^^^^^^^^^^^^^^^^^^^^^^^^^^^^^^^^^^^^^^^^
[rank3]:   File "/usr/local/lib/python3.12/dist-packages/torch/_subclasses/fake_tensor.py", line 2096, in dispatch
[rank3]:     return self._cached_dispatch_impl(func, types, args, kwargs)
[rank3]:            ^^^^^^^^^^^^^^^^^^^^^^^^^^^^^^^^^^^^^^^^^^^^^^^^^^^^^
[rank3]:   File "/usr/local/lib/python3.12/dist-packages/torch/_subclasses/fake_tensor.py", line 1511, in _cached_dispatch_impl
[rank3]:     output = self._dispatch_impl(func, types, args, kwargs)
[rank3]:              ^^^^^^^^^^^^^^^^^^^^^^^^^^^^^^^^^^^^^^^^^^^^^^
[rank3]:   File "/usr/local/lib/python3.12/dist-packages/torch/_subclasses/fake_tensor.py", line 2755, in _dispatch_impl
[rank3]:     r = func(*args, **kwargs)
[rank3]:         ^^^^^^^^^^^^^^^^^^^^^
[rank3]:   File "/usr/local/lib/python3.12/dist-packages/torch/_ops.py", line 841, in __call__
[rank3]:     return self._op(*args, **kwargs)
[rank3]:            ^^^^^^^^^^^^^^^^^^^^^^^^^
[rank3]:   File "/usr/local/lib/python3.12/dist-packages/torch/_prims_common/wrappers.py", line 309, in _fn
[rank3]:     result = fn(*args, **kwargs)
[rank3]:              ^^^^^^^^^^^^^^^^^^^
[rank3]:   File "/usr/local/lib/python3.12/dist-packages/torch/_compile.py", line 53, in inner
[rank3]:     return disable_fn(*args, **kwargs)
[rank3]:            ^^^^^^^^^^^^^^^^^^^^^^^^^^^
[rank3]:   File "/usr/local/lib/python3.12/dist-packages/torch/_dynamo/eval_frame.py", line 1044, in _fn
[rank3]:     return fn(*args, **kwargs)
[rank3]:            ^^^^^^^^^^^^^^^^^^^
[rank3]:   File "/usr/local/lib/python3.12/dist-packages/torch/_prims_common/wrappers.py", line 149, in _fn
[rank3]:     result = fn(**bound.arguments)
[rank3]:              ^^^^^^^^^^^^^^^^^^^^^
[rank3]:   File "/usr/local/lib/python3.12/dist-packages/torch/_refs/__init__.py", line 1138, in _ref
[rank3]:     a, b = _maybe_broadcast(a, b)
[rank3]:            ^^^^^^^^^^^^^^^^^^^^^^
[rank3]:   File "/usr/local/lib/python3.12/dist-packages/torch/_refs/__init__.py", line 448, in _maybe_broadcast
[rank3]:     common_shape = _broadcast_shapes(
[rank3]:                    ^^^^^^^^^^^^^^^^^^
[rank3]:   File "/usr/local/lib/python3.12/dist-packages/torch/_refs/__init__.py", line 436, in _broadcast_shapes
[rank3]:     torch._check(
[rank3]:   File "/usr/local/lib/python3.12/dist-packages/torch/__init__.py", line 1695, in _check
[rank3]:     _check_with(RuntimeError, cond, message)
[rank3]:   File "/usr/local/lib/python3.12/dist-packages/torch/__init__.py", line 1677, in _check_with
[rank3]:     raise error_type(message_evaluated)
[rank3]: torch._dynamo.exc.TorchRuntimeError: Dynamo failed to run FX node with fake tensors: call_function <built-in function mul>(*(FakeTensor(..., device='cuda:3', size=(32, 2048, 8, 32), dtype=torch.bfloat16,
[rank3]:            grad_fn=<SliceBackward0>), FakeTensor(..., device='cuda:3', size=(1, 1, 2048, 32), dtype=torch.bfloat16)), **{}): got RuntimeError('Attempting to broadcast a dimension of length 2048 at -2! Mismatching argument at index 1 had torch.Size([1, 1, 2048, 32]); but expected shape should be broadcastable to [32, 2048, 8, 32]')

[rank3]: from user code:
[rank3]:    File "/workspace/parameter-golf/train_gpt_v8_xsa_ema.py", line 838, in forward
[rank3]:     x = self.blocks[i](x, x0)
[rank3]:   File "/workspace/parameter-golf/train_gpt_v8_xsa_ema.py", line 751, in forward
[rank3]:     attn_out = self.attn(self.attn_norm(x))
[rank3]:   File "/workspace/parameter-golf/train_gpt_v8_xsa_ema.py", line 654, in forward
[rank3]:     q = apply_rotary_emb(q, cos, sin)
[rank3]:   File "/workspace/parameter-golf/train_gpt_v8_xsa_ema.py", line 604, in apply_rotary_emb
[rank3]:     return torch.cat((x1 * cos + x2 * sin, x1 * (-sin) + x2 * cos), dim=-1)

[rank3]: Set TORCHDYNAMO_VERBOSE=1 for the internal stack trace (please do this especially if you're reporting a bug to PyTorch). For even more developer context, set TORCH_LOGS="+dynamo"

[rank2]: Traceback (most recent call last):
[rank2]:   File "/workspace/parameter-golf/train_gpt_v8_xsa_ema.py", line 1432, in <module>
[rank2]:     main()
[rank2]:   File "/workspace/parameter-golf/train_gpt_v8_xsa_ema.py", line 1186, in main
[rank2]:     warmup_loss = model(x, y)
[rank2]:                   ^^^^^^^^^^^
[rank2]:   File "/usr/local/lib/python3.12/dist-packages/torch/nn/modules/module.py", line 1775, in _wrapped_call_impl
[rank2]:     return self._call_impl(*args, **kwargs)
[rank2]:            ^^^^^^^^^^^^^^^^^^^^^^^^^^^^^^^^
[rank2]:   File "/usr/local/lib/python3.12/dist-packages/torch/nn/modules/module.py", line 1786, in _call_impl
[rank2]:     return forward_call(*args, **kwargs)
[rank2]:            ^^^^^^^^^^^^^^^^^^^^^^^^^^^^^
[rank2]:   File "/usr/local/lib/python3.12/dist-packages/torch/nn/parallel/distributed.py", line 1661, in forward
[rank2]:     else self._run_ddp_forward(*inputs, **kwargs)
[rank2]:          ^^^^^^^^^^^^^^^^^^^^^^^^^^^^^^^^^^^^^^^^
[rank2]:   File "/usr/local/lib/python3.12/dist-packages/torch/nn/parallel/distributed.py", line 1487, in _run_ddp_forward
[rank2]:     return self.module(*inputs, **kwargs)  # type: ignore[index]
[rank2]:            ^^^^^^^^^^^^^^^^^^^^^^^^^^^^^^
[rank2]:   File "/usr/local/lib/python3.12/dist-packages/torch/_dynamo/eval_frame.py", line 414, in __call__
[rank2]:     return super().__call__(*args, **kwargs)
[rank2]:            ^^^^^^^^^^^^^^^^^^^^^^^^^^^^^^^^^
[rank2]:   File "/usr/local/lib/python3.12/dist-packages/torch/nn/modules/module.py", line 1775, in _wrapped_call_impl
[rank2]:     return self._call_impl(*args, **kwargs)
[rank2]:            ^^^^^^^^^^^^^^^^^^^^^^^^^^^^^^^^
[rank2]:   File "/usr/local/lib/python3.12/dist-packages/torch/nn/modules/module.py", line 1786, in _call_impl
[rank2]:     return forward_call(*args, **kwargs)
[rank2]:            ^^^^^^^^^^^^^^^^^^^^^^^^^^^^^
[rank2]:   File "/usr/local/lib/python3.12/dist-packages/torch/_dynamo/eval_frame.py", line 832, in compile_wrapper
[rank2]:     return fn(*args, **kwargs)
[rank2]:            ^^^^^^^^^^^^^^^^^^^
[rank2]:   File "/usr/local/lib/python3.12/dist-packages/torch/nn/modules/module.py", line 1775, in _wrapped_call_impl
[rank2]:     return self._call_impl(*args, **kwargs)
[rank2]:            ^^^^^^^^^^^^^^^^^^^^^^^^^^^^^^^^
[rank2]:   File "/usr/local/lib/python3.12/dist-packages/torch/nn/modules/module.py", line 1786, in _call_impl
[rank2]:     return forward_call(*args, **kwargs)
[rank2]:            ^^^^^^^^^^^^^^^^^^^^^^^^^^^^^
[rank2]:   File "/usr/local/lib/python3.12/dist-packages/torch/_dynamo/convert_frame.py", line 1869, in __call__
[rank2]:     return hijacked_callback(
[rank2]:            ^^^^^^^^^^^^^^^^^^
[rank2]:   File "/usr/local/lib/python3.12/dist-packages/torch/_dynamo/convert_frame.py", line 688, in __call__
[rank2]:     result = _compile(
[rank2]:              ^^^^^^^^^
[rank2]:   File "/usr/local/lib/python3.12/dist-packages/torch/_dynamo/convert_frame.py", line 1434, in _compile
[rank2]:     guarded_code, tracer_output = compile_inner(code, one_graph, hooks)
[rank2]:                                   ^^^^^^^^^^^^^^^^^^^^^^^^^^^^^^^^^^^^^
[rank2]:   File "/usr/local/lib/python3.12/dist-packages/torch/_utils_internal.py", line 92, in wrapper_function
[rank2]:     return function(*args, **kwargs)
[rank2]:            ^^^^^^^^^^^^^^^^^^^^^^^^^
[rank2]:   File "/usr/local/lib/python3.12/dist-packages/torch/_dynamo/convert_frame.py", line 1117, in compile_inner
[rank2]:     return _compile_inner(code, one_graph, hooks)
[rank2]:            ^^^^^^^^^^^^^^^^^^^^^^^^^^^^^^^^^^^^^^
[rank2]:   File "/usr/local/lib/python3.12/dist-packages/torch/_dynamo/convert_frame.py", line 1151, in _compile_inner
[rank2]:     dynamo_output = compile_frame(
[rank2]:                     ^^^^^^^^^^^^^^
[rank2]:   File "/usr/local/lib/python3.12/dist-packages/torch/_dynamo/convert_frame.py", line 1032, in compile_frame
[rank2]:     bytecode, tracer_output = transform_code_object(code, transform)
[rank2]:                               ^^^^^^^^^^^^^^^^^^^^^^^^^^^^^^^^^^^^^^
[rank2]:   File "/usr/local/lib/python3.12/dist-packages/torch/_dynamo/bytecode_transformation.py", line 1592, in transform_code_object
[rank2]:     tracer_output = transformations(instructions, code_options)
[rank2]:                     ^^^^^^^^^^^^^^^^^^^^^^^^^^^^^^^^^^^^^^^^^^^
[rank2]:   File "/usr/local/lib/python3.12/dist-packages/torch/_dynamo/convert_frame.py", line 1004, in transform
[rank2]:     tracer_output = trace_frame(
[rank2]:                     ^^^^^^^^^^^^
[rank2]:   File "/usr/local/lib/python3.12/dist-packages/torch/_dynamo/convert_frame.py", line 312, in _fn
[rank2]:     return fn(*args, **kwargs)
[rank2]:            ^^^^^^^^^^^^^^^^^^^
[rank2]:   File "/usr/local/lib/python3.12/dist-packages/torch/_dynamo/convert_frame.py", line 815, in trace_frame
[rank2]:     run_tracer()
[rank2]:   File "/usr/local/lib/python3.12/dist-packages/torch/_dynamo/convert_frame.py", line 797, in run_tracer
[rank2]:     tracer.run()
[rank2]:   File "/usr/local/lib/python3.12/dist-packages/torch/_dynamo/symbolic_convert.py", line 1500, in run
[rank2]:     while self.step():
[rank2]:           ^^^^^^^^^^^
[rank2]:   File "/usr/local/lib/python3.12/dist-packages/torch/_dynamo/symbolic_convert.py", line 1348, in step
[rank2]:     self.dispatch_table[inst.opcode](self, inst)
[rank2]:   File "/usr/local/lib/python3.12/dist-packages/torch/_dynamo/symbolic_convert.py", line 904, in wrapper
[rank2]:     return inner_fn(self, inst)
[rank2]:            ^^^^^^^^^^^^^^^^^^^^
[rank2]:   File "/usr/local/lib/python3.12/dist-packages/torch/_dynamo/symbolic_convert.py", line 3428, in CALL
[rank2]:     self._call(inst)
[rank2]:   File "/usr/local/lib/python3.12/dist-packages/torch/_dynamo/symbolic_convert.py", line 3422, in _call
[rank2]:     self.call_function(fn, args, kwargs)
[rank2]:   File "/usr/local/lib/python3.12/dist-packages/torch/_dynamo/symbolic_convert.py", line 1266, in call_function
[rank2]:     self.push(fn.call_function(self, args, kwargs))  # type: ignore[arg-type]
[rank2]:               ^^^^^^^^^^^^^^^^^^^^^^^^^^^^^^^^^^^^
[rank2]:   File "/usr/local/lib/python3.12/dist-packages/torch/_dynamo/variables/lazy.py", line 212, in realize_and_forward
[rank2]:     return getattr(self.realize(), name)(*args, **kwargs)
[rank2]:            ^^^^^^^^^^^^^^^^^^^^^^^^^^^^^^^^^^^^^^^^^^^^^^
[rank2]:   File "/usr/local/lib/python3.12/dist-packages/torch/_dynamo/variables/nn_module.py", line 1010, in call_function
[rank2]:     return variables.UserFunctionVariable(fn, source=source).call_function(
[rank2]:            ^^^^^^^^^^^^^^^^^^^^^^^^^^^^^^^^^^^^^^^^^^^^^^^^^^^^^^^^^^^^^^^^
[rank2]:   File "/usr/local/lib/python3.12/dist-packages/torch/_dynamo/variables/functions.py", line 598, in call_function
[rank2]:     return super().call_function(tx, args, kwargs)
[rank2]:            ^^^^^^^^^^^^^^^^^^^^^^^^^^^^^^^^^^^^^^^
[rank2]:   File "/usr/local/lib/python3.12/dist-packages/torch/_dynamo/variables/functions.py", line 342, in call_function
[rank2]:     return tx.inline_user_function_return(self, [*self.self_args(), *args], kwargs)
[rank2]:            ^^^^^^^^^^^^^^^^^^^^^^^^^^^^^^^^^^^^^^^^^^^^^^^^^^^^^^^^^^^^^^^^^^^^^^^^
[rank2]:   File "/usr/local/lib/python3.12/dist-packages/torch/_dynamo/symbolic_convert.py", line 1288, in inline_user_function_return
[rank2]:     return InliningInstructionTranslator.inline_call(self, fn, args, kwargs)
[rank2]:            ^^^^^^^^^^^^^^^^^^^^^^^^^^^^^^^^^^^^^^^^^^^^^^^^^^^^^^^^^^^^^^^^^
[rank2]:   File "/usr/local/lib/python3.12/dist-packages/torch/_dynamo/symbolic_convert.py", line 4129, in inline_call
[rank2]:     return tracer.inline_call_()
[rank2]:            ^^^^^^^^^^^^^^^^^^^^^
[rank2]:   File "/usr/local/lib/python3.12/dist-packages/torch/_dynamo/symbolic_convert.py", line 4332, in inline_call_
[rank2]:     self.run()
[rank2]:   File "/usr/local/lib/python3.12/dist-packages/torch/_dynamo/symbolic_convert.py", line 1500, in run
[rank2]:     while self.step():
[rank2]:           ^^^^^^^^^^^
[rank2]:   File "/usr/local/lib/python3.12/dist-packages/torch/_dynamo/symbolic_convert.py", line 1348, in step
[rank2]:     self.dispatch_table[inst.opcode](self, inst)
[rank2]:   File "/usr/local/lib/python3.12/dist-packages/torch/_dynamo/symbolic_convert.py", line 904, in wrapper
[rank2]:     return inner_fn(self, inst)
[rank2]:            ^^^^^^^^^^^^^^^^^^^^
[rank2]:   File "/usr/local/lib/python3.12/dist-packages/torch/_dynamo/symbolic_convert.py", line 3428, in CALL
[rank2]:     self._call(inst)
[rank2]:   File "/usr/local/lib/python3.12/dist-packages/torch/_dynamo/symbolic_convert.py", line 3422, in _call
[rank2]:     self.call_function(fn, args, kwargs)
[rank2]:   File "/usr/local/lib/python3.12/dist-packages/torch/_dynamo/symbolic_convert.py", line 1266, in call_function
[rank2]:     self.push(fn.call_function(self, args, kwargs))  # type: ignore[arg-type]
[rank2]:               ^^^^^^^^^^^^^^^^^^^^^^^^^^^^^^^^^^^^
[rank2]:   File "/usr/local/lib/python3.12/dist-packages/torch/_dynamo/variables/lazy.py", line 212, in realize_and_forward
[rank2]:     return getattr(self.realize(), name)(*args, **kwargs)
[rank2]:            ^^^^^^^^^^^^^^^^^^^^^^^^^^^^^^^^^^^^^^^^^^^^^^
[rank2]:   File "/usr/local/lib/python3.12/dist-packages/torch/_dynamo/variables/nn_module.py", line 1010, in call_function
[rank2]:     return variables.UserFunctionVariable(fn, source=source).call_function(
[rank2]:            ^^^^^^^^^^^^^^^^^^^^^^^^^^^^^^^^^^^^^^^^^^^^^^^^^^^^^^^^^^^^^^^^
[rank2]:   File "/usr/local/lib/python3.12/dist-packages/torch/_dynamo/variables/functions.py", line 598, in call_function
[rank2]:     return super().call_function(tx, args, kwargs)
[rank2]:            ^^^^^^^^^^^^^^^^^^^^^^^^^^^^^^^^^^^^^^^
[rank2]:   File "/usr/local/lib/python3.12/dist-packages/torch/_dynamo/variables/functions.py", line 342, in call_function
[rank2]:     return tx.inline_user_function_return(self, [*self.self_args(), *args], kwargs)
[rank2]:            ^^^^^^^^^^^^^^^^^^^^^^^^^^^^^^^^^^^^^^^^^^^^^^^^^^^^^^^^^^^^^^^^^^^^^^^^
[rank2]:   File "/usr/local/lib/python3.12/dist-packages/torch/_dynamo/symbolic_convert.py", line 1288, in inline_user_function_return
[rank2]:     return InliningInstructionTranslator.inline_call(self, fn, args, kwargs)
[rank2]:            ^^^^^^^^^^^^^^^^^^^^^^^^^^^^^^^^^^^^^^^^^^^^^^^^^^^^^^^^^^^^^^^^^
[rank2]:   File "/usr/local/lib/python3.12/dist-packages/torch/_dynamo/symbolic_convert.py", line 4129, in inline_call
[rank2]:     return tracer.inline_call_()
[rank2]:            ^^^^^^^^^^^^^^^^^^^^^
[rank2]:   File "/usr/local/lib/python3.12/dist-packages/torch/_dynamo/symbolic_convert.py", line 4332, in inline_call_
[rank2]:     self.run()
[rank2]:   File "/usr/local/lib/python3.12/dist-packages/torch/_dynamo/symbolic_convert.py", line 1500, in run
[rank2]:     while self.step():
[rank2]:           ^^^^^^^^^^^
[rank2]:   File "/usr/local/lib/python3.12/dist-packages/torch/_dynamo/symbolic_convert.py", line 1348, in step
[rank2]:     self.dispatch_table[inst.opcode](self, inst)
[rank2]:   File "/usr/local/lib/python3.12/dist-packages/torch/_dynamo/symbolic_convert.py", line 904, in wrapper
[rank2]:     return inner_fn(self, inst)
[rank2]:            ^^^^^^^^^^^^^^^^^^^^
[rank2]:   File "/usr/local/lib/python3.12/dist-packages/torch/_dynamo/symbolic_convert.py", line 3428, in CALL
[rank2]:     self._call(inst)
[rank2]:   File "/usr/local/lib/python3.12/dist-packages/torch/_dynamo/symbolic_convert.py", line 3422, in _call
[rank2]:     self.call_function(fn, args, kwargs)
[rank2]:   File "/usr/local/lib/python3.12/dist-packages/torch/_dynamo/symbolic_convert.py", line 1266, in call_function
[rank2]:     self.push(fn.call_function(self, args, kwargs))  # type: ignore[arg-type]
[rank2]:               ^^^^^^^^^^^^^^^^^^^^^^^^^^^^^^^^^^^^
[rank2]:   File "/usr/local/lib/python3.12/dist-packages/torch/_dynamo/variables/lazy.py", line 212, in realize_and_forward
[rank2]:     return getattr(self.realize(), name)(*args, **kwargs)
[rank2]:            ^^^^^^^^^^^^^^^^^^^^^^^^^^^^^^^^^^^^^^^^^^^^^^
[rank2]:   File "/usr/local/lib/python3.12/dist-packages/torch/_dynamo/variables/functions.py", line 598, in call_function
[rank2]:     return super().call_function(tx, args, kwargs)
[rank2]:            ^^^^^^^^^^^^^^^^^^^^^^^^^^^^^^^^^^^^^^^
[rank2]:   File "/usr/local/lib/python3.12/dist-packages/torch/_dynamo/variables/functions.py", line 342, in call_function
[rank2]:     return tx.inline_user_function_return(self, [*self.self_args(), *args], kwargs)
[rank2]:            ^^^^^^^^^^^^^^^^^^^^^^^^^^^^^^^^^^^^^^^^^^^^^^^^^^^^^^^^^^^^^^^^^^^^^^^^
[rank2]:   File "/usr/local/lib/python3.12/dist-packages/torch/_dynamo/symbolic_convert.py", line 1288, in inline_user_function_return
[rank2]:     return InliningInstructionTranslator.inline_call(self, fn, args, kwargs)
[rank2]:            ^^^^^^^^^^^^^^^^^^^^^^^^^^^^^^^^^^^^^^^^^^^^^^^^^^^^^^^^^^^^^^^^^
[rank2]:   File "/usr/local/lib/python3.12/dist-packages/torch/_dynamo/symbolic_convert.py", line 4129, in inline_call
[rank2]:     return tracer.inline_call_()
[rank2]:            ^^^^^^^^^^^^^^^^^^^^^
[rank2]:   File "/usr/local/lib/python3.12/dist-packages/torch/_dynamo/symbolic_convert.py", line 4332, in inline_call_
[rank2]:     self.run()
[rank2]:   File "/usr/local/lib/python3.12/dist-packages/torch/_dynamo/symbolic_convert.py", line 1500, in run
[rank2]:     while self.step():
[rank2]:           ^^^^^^^^^^^
[rank2]:   File "/usr/local/lib/python3.12/dist-packages/torch/_dynamo/symbolic_convert.py", line 1348, in step
[rank2]:     self.dispatch_table[inst.opcode](self, inst)
[rank2]:   File "/usr/local/lib/python3.12/dist-packages/torch/_dynamo/symbolic_convert.py", line 3368, in BINARY_OP
[rank2]:     return _binary_op_lookup[inst.arg](self, inst)
[rank2]:            ^^^^^^^^^^^^^^^^^^^^^^^^^^^^^^^^^^^^^^^
[rank2]:   File "/usr/local/lib/python3.12/dist-packages/torch/_dynamo/symbolic_convert.py", line 462, in impl
[rank2]:     self.push(fn_var.call_function(self, self.popn(nargs), {}))
[rank2]:               ^^^^^^^^^^^^^^^^^^^^^^^^^^^^^^^^^^^^^^^^^^^^^^^^
[rank2]:   File "/usr/local/lib/python3.12/dist-packages/torch/_dynamo/variables/builtin.py", line 1347, in call_function
[rank2]:     return handler(tx, args, kwargs)
[rank2]:            ^^^^^^^^^^^^^^^^^^^^^^^^^
[rank2]:   File "/usr/local/lib/python3.12/dist-packages/torch/_dynamo/variables/builtin.py", line 1307, in _handle_insert_op_in_graph
[rank2]:     return wrap_fx_proxy(tx, proxy)
[rank2]:            ^^^^^^^^^^^^^^^^^^^^^^^^
[rank2]:   File "/usr/local/lib/python3.12/dist-packages/torch/_dynamo/variables/builder.py", line 2645, in wrap_fx_proxy
[rank2]:     return wrap_fx_proxy_cls(target_cls=TensorVariable, **kwargs)
[rank2]:            ^^^^^^^^^^^^^^^^^^^^^^^^^^^^^^^^^^^^^^^^^^^^^^^^^^^^^^
[rank2]:   File "/usr/local/lib/python3.12/dist-packages/torch/_dynamo/variables/builder.py", line 2711, in wrap_fx_proxy_cls
[rank2]:     return _wrap_fx_proxy(
[rank2]:            ^^^^^^^^^^^^^^^
[rank2]:   File "/usr/local/lib/python3.12/dist-packages/torch/_dynamo/variables/builder.py", line 2809, in _wrap_fx_proxy
[rank2]:     example_value = get_fake_value(proxy.node, tx, allow_non_graph_fake=True)
[rank2]:                     ^^^^^^^^^^^^^^^^^^^^^^^^^^^^^^^^^^^^^^^^^^^^^^^^^^^^^^^^^
[rank2]:   File "/usr/local/lib/python3.12/dist-packages/torch/_dynamo/utils.py", line 3478, in get_fake_value
[rank2]:     raise TorchRuntimeError(str(e)).with_traceback(e.__traceback__) from None
[rank2]:   File "/usr/local/lib/python3.12/dist-packages/torch/_dynamo/utils.py", line 3376, in get_fake_value
[rank2]:     ret_val = wrap_fake_exception(
[rank2]:               ^^^^^^^^^^^^^^^^^^^^
[rank2]:   File "/usr/local/lib/python3.12/dist-packages/torch/_dynamo/utils.py", line 2864, in wrap_fake_exception
[rank2]:     return fn()
[rank2]:            ^^^^
[rank2]:   File "/usr/local/lib/python3.12/dist-packages/torch/_dynamo/utils.py", line 3377, in <lambda>
[rank2]:     lambda: run_node(tx.output, node, args, kwargs, nnmodule)
[rank2]:             ^^^^^^^^^^^^^^^^^^^^^^^^^^^^^^^^^^^^^^^^^^^^^^^^^
[rank2]:   File "/usr/local/lib/python3.12/dist-packages/torch/_dynamo/utils.py", line 3587, in run_node
[rank2]:     raise RuntimeError(make_error_message(e)).with_traceback(
[rank2]:   File "/usr/local/lib/python3.12/dist-packages/torch/_dynamo/utils.py", line 3546, in run_node
[rank2]:     return node.target(*args, **kwargs)  # type: ignore[operator]
[rank2]:            ^^^^^^^^^^^^^^^^^^^^^^^^^^^^
[rank2]:   File "/usr/local/lib/python3.12/dist-packages/torch/utils/_stats.py", line 28, in wrapper
[rank2]:     return fn(*args, **kwargs)
[rank2]:            ^^^^^^^^^^^^^^^^^^^
[rank2]:   File "/usr/local/lib/python3.12/dist-packages/torch/_subclasses/fake_tensor.py", line 1376, in __torch_dispatch__
[rank2]:     return self.dispatch(func, types, args, kwargs)
[rank2]:            ^^^^^^^^^^^^^^^^^^^^^^^^^^^^^^^^^^^^^^^^
[rank2]:   File "/usr/local/lib/python3.12/dist-packages/torch/_subclasses/fake_tensor.py", line 2096, in dispatch
[rank2]:     return self._cached_dispatch_impl(func, types, args, kwargs)
[rank2]:            ^^^^^^^^^^^^^^^^^^^^^^^^^^^^^^^^^^^^^^^^^^^^^^^^^^^^^
[rank2]:   File "/usr/local/lib/python3.12/dist-packages/torch/_subclasses/fake_tensor.py", line 1511, in _cached_dispatch_impl
[rank2]:     output = self._dispatch_impl(func, types, args, kwargs)
[rank2]:              ^^^^^^^^^^^^^^^^^^^^^^^^^^^^^^^^^^^^^^^^^^^^^^
[rank2]:   File "/usr/local/lib/python3.12/dist-packages/torch/_subclasses/fake_tensor.py", line 2755, in _dispatch_impl
[rank2]:     r = func(*args, **kwargs)
[rank2]:         ^^^^^^^^^^^^^^^^^^^^^
[rank2]:   File "/usr/local/lib/python3.12/dist-packages/torch/_ops.py", line 841, in __call__
[rank2]:     return self._op(*args, **kwargs)
[rank2]:            ^^^^^^^^^^^^^^^^^^^^^^^^^
[rank2]:   File "/usr/local/lib/python3.12/dist-packages/torch/_prims_common/wrappers.py", line 309, in _fn
[rank2]:     result = fn(*args, **kwargs)
[rank2]:              ^^^^^^^^^^^^^^^^^^^
[rank2]:   File "/usr/local/lib/python3.12/dist-packages/torch/_compile.py", line 53, in inner
[rank2]:     return disable_fn(*args, **kwargs)
[rank2]:            ^^^^^^^^^^^^^^^^^^^^^^^^^^^
[rank2]:   File "/usr/local/lib/python3.12/dist-packages/torch/_dynamo/eval_frame.py", line 1044, in _fn
[rank2]:     return fn(*args, **kwargs)
[rank2]:            ^^^^^^^^^^^^^^^^^^^
[rank2]:   File "/usr/local/lib/python3.12/dist-packages/torch/_prims_common/wrappers.py", line 149, in _fn
[rank2]:     result = fn(**bound.arguments)
[rank2]:              ^^^^^^^^^^^^^^^^^^^^^
[rank2]:   File "/usr/local/lib/python3.12/dist-packages/torch/_refs/__init__.py", line 1138, in _ref
[rank2]:     a, b = _maybe_broadcast(a, b)
[rank2]:            ^^^^^^^^^^^^^^^^^^^^^^
[rank2]:   File "/usr/local/lib/python3.12/dist-packages/torch/_refs/__init__.py", line 448, in _maybe_broadcast
[rank2]:     common_shape = _broadcast_shapes(
[rank2]:                    ^^^^^^^^^^^^^^^^^^
[rank2]:   File "/usr/local/lib/python3.12/dist-packages/torch/_refs/__init__.py", line 436, in _broadcast_shapes
[rank2]:     torch._check(
[rank2]:   File "/usr/local/lib/python3.12/dist-packages/torch/__init__.py", line 1695, in _check
[rank2]:     _check_with(RuntimeError, cond, message)
[rank2]:   File "/usr/local/lib/python3.12/dist-packages/torch/__init__.py", line 1677, in _check_with
[rank2]:     raise error_type(message_evaluated)
[rank2]: torch._dynamo.exc.TorchRuntimeError: Dynamo failed to run FX node with fake tensors: call_function <built-in function mul>(*(FakeTensor(..., device='cuda:2', size=(32, 2048, 8, 32), dtype=torch.bfloat16,
[rank2]:            grad_fn=<SliceBackward0>), FakeTensor(..., device='cuda:2', size=(1, 1, 2048, 32), dtype=torch.bfloat16)), **{}): got RuntimeError('Attempting to broadcast a dimension of length 2048 at -2! Mismatching argument at index 1 had torch.Size([1, 1, 2048, 32]); but expected shape should be broadcastable to [32, 2048, 8, 32]')

[rank2]: from user code:
[rank2]:    File "/workspace/parameter-golf/train_gpt_v8_xsa_ema.py", line 838, in forward
[rank2]:     x = self.blocks[i](x, x0)
[rank2]:   File "/workspace/parameter-golf/train_gpt_v8_xsa_ema.py", line 751, in forward
[rank2]:     attn_out = self.attn(self.attn_norm(x))
[rank2]:   File "/workspace/parameter-golf/train_gpt_v8_xsa_ema.py", line 654, in forward
[rank2]:     q = apply_rotary_emb(q, cos, sin)
[rank2]:   File "/workspace/parameter-golf/train_gpt_v8_xsa_ema.py", line 604, in apply_rotary_emb
[rank2]:     return torch.cat((x1 * cos + x2 * sin, x1 * (-sin) + x2 * cos), dim=-1)

[rank2]: Set TORCHDYNAMO_VERBOSE=1 for the internal stack trace (please do this especially if you're reporting a bug to PyTorch). For even more developer context, set TORCH_LOGS="+dynamo"

[rank1]: Traceback (most recent call last):
[rank1]:   File "/workspace/parameter-golf/train_gpt_v8_xsa_ema.py", line 1432, in <module>
[rank1]:     main()
[rank1]:   File "/workspace/parameter-golf/train_gpt_v8_xsa_ema.py", line 1186, in main
[rank1]:     warmup_loss = model(x, y)
[rank1]:                   ^^^^^^^^^^^
[rank1]:   File "/usr/local/lib/python3.12/dist-packages/torch/nn/modules/module.py", line 1775, in _wrapped_call_impl
[rank1]:     return self._call_impl(*args, **kwargs)
[rank1]:            ^^^^^^^^^^^^^^^^^^^^^^^^^^^^^^^^
[rank1]:   File "/usr/local/lib/python3.12/dist-packages/torch/nn/modules/module.py", line 1786, in _call_impl
[rank1]:     return forward_call(*args, **kwargs)
[rank1]:            ^^^^^^^^^^^^^^^^^^^^^^^^^^^^^
[rank1]:   File "/usr/local/lib/python3.12/dist-packages/torch/nn/parallel/distributed.py", line 1661, in forward
[rank1]:     else self._run_ddp_forward(*inputs, **kwargs)
[rank1]:          ^^^^^^^^^^^^^^^^^^^^^^^^^^^^^^^^^^^^^^^^
[rank1]:   File "/usr/local/lib/python3.12/dist-packages/torch/nn/parallel/distributed.py", line 1487, in _run_ddp_forward
[rank1]:     return self.module(*inputs, **kwargs)  # type: ignore[index]
[rank1]:            ^^^^^^^^^^^^^^^^^^^^^^^^^^^^^^
[rank1]:   File "/usr/local/lib/python3.12/dist-packages/torch/_dynamo/eval_frame.py", line 414, in __call__
[rank1]:     return super().__call__(*args, **kwargs)
[rank1]:            ^^^^^^^^^^^^^^^^^^^^^^^^^^^^^^^^^
[rank1]:   File "/usr/local/lib/python3.12/dist-packages/torch/nn/modules/module.py", line 1775, in _wrapped_call_impl
[rank1]:     return self._call_impl(*args, **kwargs)
[rank1]:            ^^^^^^^^^^^^^^^^^^^^^^^^^^^^^^^^
[rank1]:   File "/usr/local/lib/python3.12/dist-packages/torch/nn/modules/module.py", line 1786, in _call_impl
[rank1]:     return forward_call(*args, **kwargs)
[rank1]:            ^^^^^^^^^^^^^^^^^^^^^^^^^^^^^
[rank1]:   File "/usr/local/lib/python3.12/dist-packages/torch/_dynamo/eval_frame.py", line 832, in compile_wrapper
[rank1]:     return fn(*args, **kwargs)
[rank1]:            ^^^^^^^^^^^^^^^^^^^
[rank1]:   File "/usr/local/lib/python3.12/dist-packages/torch/nn/modules/module.py", line 1775, in _wrapped_call_impl
[rank1]:     return self._call_impl(*args, **kwargs)
[rank1]:            ^^^^^^^^^^^^^^^^^^^^^^^^^^^^^^^^
[rank1]:   File "/usr/local/lib/python3.12/dist-packages/torch/nn/modules/module.py", line 1786, in _call_impl
[rank1]:     return forward_call(*args, **kwargs)
[rank1]:            ^^^^^^^^^^^^^^^^^^^^^^^^^^^^^
[rank1]:   File "/usr/local/lib/python3.12/dist-packages/torch/_dynamo/convert_frame.py", line 1869, in __call__
[rank1]:     return hijacked_callback(
[rank1]:            ^^^^^^^^^^^^^^^^^^
[rank1]:   File "/usr/local/lib/python3.12/dist-packages/torch/_dynamo/convert_frame.py", line 688, in __call__
[rank1]:     result = _compile(
[rank1]:              ^^^^^^^^^
[rank1]:   File "/usr/local/lib/python3.12/dist-packages/torch/_dynamo/convert_frame.py", line 1434, in _compile
[rank1]:     guarded_code, tracer_output = compile_inner(code, one_graph, hooks)
[rank1]:                                   ^^^^^^^^^^^^^^^^^^^^^^^^^^^^^^^^^^^^^
[rank1]:   File "/usr/local/lib/python3.12/dist-packages/torch/_utils_internal.py", line 92, in wrapper_function
[rank1]:     return function(*args, **kwargs)
[rank1]:            ^^^^^^^^^^^^^^^^^^^^^^^^^
[rank1]:   File "/usr/local/lib/python3.12/dist-packages/torch/_dynamo/convert_frame.py", line 1117, in compile_inner
[rank1]:     return _compile_inner(code, one_graph, hooks)
[rank1]:            ^^^^^^^^^^^^^^^^^^^^^^^^^^^^^^^^^^^^^^
[rank1]:   File "/usr/local/lib/python3.12/dist-packages/torch/_dynamo/convert_frame.py", line 1151, in _compile_inner
[rank1]:     dynamo_output = compile_frame(
[rank1]:                     ^^^^^^^^^^^^^^
[rank1]:   File "/usr/local/lib/python3.12/dist-packages/torch/_dynamo/convert_frame.py", line 1032, in compile_frame
[rank1]:     bytecode, tracer_output = transform_code_object(code, transform)
[rank1]:                               ^^^^^^^^^^^^^^^^^^^^^^^^^^^^^^^^^^^^^^
[rank1]:   File "/usr/local/lib/python3.12/dist-packages/torch/_dynamo/bytecode_transformation.py", line 1592, in transform_code_object
[rank1]:     tracer_output = transformations(instructions, code_options)
[rank1]:                     ^^^^^^^^^^^^^^^^^^^^^^^^^^^^^^^^^^^^^^^^^^^
[rank1]:   File "/usr/local/lib/python3.12/dist-packages/torch/_dynamo/convert_frame.py", line 1004, in transform
[rank1]:     tracer_output = trace_frame(
[rank1]:                     ^^^^^^^^^^^^
[rank1]:   File "/usr/local/lib/python3.12/dist-packages/torch/_dynamo/convert_frame.py", line 312, in _fn
[rank1]:     return fn(*args, **kwargs)
[rank1]:            ^^^^^^^^^^^^^^^^^^^
[rank1]:   File "/usr/local/lib/python3.12/dist-packages/torch/_dynamo/convert_frame.py", line 815, in trace_frame
[rank1]:     run_tracer()
[rank1]:   File "/usr/local/lib/python3.12/dist-packages/torch/_dynamo/convert_frame.py", line 797, in run_tracer
[rank1]:     tracer.run()
[rank1]:   File "/usr/local/lib/python3.12/dist-packages/torch/_dynamo/symbolic_convert.py", line 1500, in run
[rank1]:     while self.step():
[rank1]:           ^^^^^^^^^^^
[rank1]:   File "/usr/local/lib/python3.12/dist-packages/torch/_dynamo/symbolic_convert.py", line 1348, in step
[rank1]:     self.dispatch_table[inst.opcode](self, inst)
[rank1]:   File "/usr/local/lib/python3.12/dist-packages/torch/_dynamo/symbolic_convert.py", line 904, in wrapper
[rank1]:     return inner_fn(self, inst)
[rank1]:            ^^^^^^^^^^^^^^^^^^^^
[rank1]:   File "/usr/local/lib/python3.12/dist-packages/torch/_dynamo/symbolic_convert.py", line 3428, in CALL
[rank1]:     self._call(inst)
[rank1]:   File "/usr/local/lib/python3.12/dist-packages/torch/_dynamo/symbolic_convert.py", line 3422, in _call
[rank1]:     self.call_function(fn, args, kwargs)
[rank1]:   File "/usr/local/lib/python3.12/dist-packages/torch/_dynamo/symbolic_convert.py", line 1266, in call_function
[rank1]:     self.push(fn.call_function(self, args, kwargs))  # type: ignore[arg-type]
[rank1]:               ^^^^^^^^^^^^^^^^^^^^^^^^^^^^^^^^^^^^
[rank1]:   File "/usr/local/lib/python3.12/dist-packages/torch/_dynamo/variables/lazy.py", line 212, in realize_and_forward
[rank1]:     return getattr(self.realize(), name)(*args, **kwargs)
[rank1]:            ^^^^^^^^^^^^^^^^^^^^^^^^^^^^^^^^^^^^^^^^^^^^^^
[rank1]:   File "/usr/local/lib/python3.12/dist-packages/torch/_dynamo/variables/nn_module.py", line 1010, in call_function
[rank1]:     return variables.UserFunctionVariable(fn, source=source).call_function(
[rank1]:            ^^^^^^^^^^^^^^^^^^^^^^^^^^^^^^^^^^^^^^^^^^^^^^^^^^^^^^^^^^^^^^^^
[rank1]:   File "/usr/local/lib/python3.12/dist-packages/torch/_dynamo/variables/functions.py", line 598, in call_function
[rank1]:     return super().call_function(tx, args, kwargs)
[rank1]:            ^^^^^^^^^^^^^^^^^^^^^^^^^^^^^^^^^^^^^^^
[rank1]:   File "/usr/local/lib/python3.12/dist-packages/torch/_dynamo/variables/functions.py", line 342, in call_function
[rank1]:     return tx.inline_user_function_return(self, [*self.self_args(), *args], kwargs)
[rank1]:            ^^^^^^^^^^^^^^^^^^^^^^^^^^^^^^^^^^^^^^^^^^^^^^^^^^^^^^^^^^^^^^^^^^^^^^^^
[rank1]:   File "/usr/local/lib/python3.12/dist-packages/torch/_dynamo/symbolic_convert.py", line 1288, in inline_user_function_return
[rank1]:     return InliningInstructionTranslator.inline_call(self, fn, args, kwargs)
[rank1]:            ^^^^^^^^^^^^^^^^^^^^^^^^^^^^^^^^^^^^^^^^^^^^^^^^^^^^^^^^^^^^^^^^^
[rank1]:   File "/usr/local/lib/python3.12/dist-packages/torch/_dynamo/symbolic_convert.py", line 4129, in inline_call
[rank1]:     return tracer.inline_call_()
[rank1]:            ^^^^^^^^^^^^^^^^^^^^^
[rank1]:   File "/usr/local/lib/python3.12/dist-packages/torch/_dynamo/symbolic_convert.py", line 4332, in inline_call_
[rank1]:     self.run()
[rank1]:   File "/usr/local/lib/python3.12/dist-packages/torch/_dynamo/symbolic_convert.py", line 1500, in run
[rank1]:     while self.step():
[rank1]:           ^^^^^^^^^^^
[rank1]:   File "/usr/local/lib/python3.12/dist-packages/torch/_dynamo/symbolic_convert.py", line 1348, in step
[rank1]:     self.dispatch_table[inst.opcode](self, inst)
[rank1]:   File "/usr/local/lib/python3.12/dist-packages/torch/_dynamo/symbolic_convert.py", line 904, in wrapper
[rank1]:     return inner_fn(self, inst)
[rank1]:            ^^^^^^^^^^^^^^^^^^^^
[rank1]:   File "/usr/local/lib/python3.12/dist-packages/torch/_dynamo/symbolic_convert.py", line 3428, in CALL
[rank1]:     self._call(inst)
[rank1]:   File "/usr/local/lib/python3.12/dist-packages/torch/_dynamo/symbolic_convert.py", line 3422, in _call
[rank1]:     self.call_function(fn, args, kwargs)
[rank1]:   File "/usr/local/lib/python3.12/dist-packages/torch/_dynamo/symbolic_convert.py", line 1266, in call_function
[rank1]:     self.push(fn.call_function(self, args, kwargs))  # type: ignore[arg-type]
[rank1]:               ^^^^^^^^^^^^^^^^^^^^^^^^^^^^^^^^^^^^
[rank1]:   File "/usr/local/lib/python3.12/dist-packages/torch/_dynamo/variables/lazy.py", line 212, in realize_and_forward
[rank1]:     return getattr(self.realize(), name)(*args, **kwargs)
[rank1]:            ^^^^^^^^^^^^^^^^^^^^^^^^^^^^^^^^^^^^^^^^^^^^^^
[rank1]:   File "/usr/local/lib/python3.12/dist-packages/torch/_dynamo/variables/nn_module.py", line 1010, in call_function
[rank1]:     return variables.UserFunctionVariable(fn, source=source).call_function(
[rank1]:            ^^^^^^^^^^^^^^^^^^^^^^^^^^^^^^^^^^^^^^^^^^^^^^^^^^^^^^^^^^^^^^^^
[rank1]:   File "/usr/local/lib/python3.12/dist-packages/torch/_dynamo/variables/functions.py", line 598, in call_function
[rank1]:     return super().call_function(tx, args, kwargs)
[rank1]:            ^^^^^^^^^^^^^^^^^^^^^^^^^^^^^^^^^^^^^^^
[rank1]:   File "/usr/local/lib/python3.12/dist-packages/torch/_dynamo/variables/functions.py", line 342, in call_function
[rank1]:     return tx.inline_user_function_return(self, [*self.self_args(), *args], kwargs)
[rank1]:            ^^^^^^^^^^^^^^^^^^^^^^^^^^^^^^^^^^^^^^^^^^^^^^^^^^^^^^^^^^^^^^^^^^^^^^^^
[rank1]:   File "/usr/local/lib/python3.12/dist-packages/torch/_dynamo/symbolic_convert.py", line 1288, in inline_user_function_return
[rank1]:     return InliningInstructionTranslator.inline_call(self, fn, args, kwargs)
[rank1]:            ^^^^^^^^^^^^^^^^^^^^^^^^^^^^^^^^^^^^^^^^^^^^^^^^^^^^^^^^^^^^^^^^^
[rank1]:   File "/usr/local/lib/python3.12/dist-packages/torch/_dynamo/symbolic_convert.py", line 4129, in inline_call
[rank1]:     return tracer.inline_call_()
[rank1]:            ^^^^^^^^^^^^^^^^^^^^^
[rank1]:   File "/usr/local/lib/python3.12/dist-packages/torch/_dynamo/symbolic_convert.py", line 4332, in inline_call_
[rank1]:     self.run()
[rank1]:   File "/usr/local/lib/python3.12/dist-packages/torch/_dynamo/symbolic_convert.py", line 1500, in run
[rank1]:     while self.step():
[rank1]:           ^^^^^^^^^^^
[rank1]:   File "/usr/local/lib/python3.12/dist-packages/torch/_dynamo/symbolic_convert.py", line 1348, in step
[rank1]:     self.dispatch_table[inst.opcode](self, inst)
[rank1]:   File "/usr/local/lib/python3.12/dist-packages/torch/_dynamo/symbolic_convert.py", line 904, in wrapper
[rank1]:     return inner_fn(self, inst)
[rank1]:            ^^^^^^^^^^^^^^^^^^^^
[rank1]:   File "/usr/local/lib/python3.12/dist-packages/torch/_dynamo/symbolic_convert.py", line 3428, in CALL
[rank1]:     self._call(inst)
[rank1]:   File "/usr/local/lib/python3.12/dist-packages/torch/_dynamo/symbolic_convert.py", line 3422, in _call
[rank1]:     self.call_function(fn, args, kwargs)
[rank1]:   File "/usr/local/lib/python3.12/dist-packages/torch/_dynamo/symbolic_convert.py", line 1266, in call_function
[rank1]:     self.push(fn.call_function(self, args, kwargs))  # type: ignore[arg-type]
[rank1]:               ^^^^^^^^^^^^^^^^^^^^^^^^^^^^^^^^^^^^
[rank1]:   File "/usr/local/lib/python3.12/dist-packages/torch/_dynamo/variables/lazy.py", line 212, in realize_and_forward
[rank1]:     return getattr(self.realize(), name)(*args, **kwargs)
[rank1]:            ^^^^^^^^^^^^^^^^^^^^^^^^^^^^^^^^^^^^^^^^^^^^^^
[rank1]:   File "/usr/local/lib/python3.12/dist-packages/torch/_dynamo/variables/functions.py", line 598, in call_function
[rank1]:     return super().call_function(tx, args, kwargs)
[rank1]:            ^^^^^^^^^^^^^^^^^^^^^^^^^^^^^^^^^^^^^^^
[rank1]:   File "/usr/local/lib/python3.12/dist-packages/torch/_dynamo/variables/functions.py", line 342, in call_function
[rank1]:     return tx.inline_user_function_return(self, [*self.self_args(), *args], kwargs)
[rank1]:            ^^^^^^^^^^^^^^^^^^^^^^^^^^^^^^^^^^^^^^^^^^^^^^^^^^^^^^^^^^^^^^^^^^^^^^^^
[rank1]:   File "/usr/local/lib/python3.12/dist-packages/torch/_dynamo/symbolic_convert.py", line 1288, in inline_user_function_return
[rank1]:     return InliningInstructionTranslator.inline_call(self, fn, args, kwargs)
[rank1]:            ^^^^^^^^^^^^^^^^^^^^^^^^^^^^^^^^^^^^^^^^^^^^^^^^^^^^^^^^^^^^^^^^^
[rank1]:   File "/usr/local/lib/python3.12/dist-packages/torch/_dynamo/symbolic_convert.py", line 4129, in inline_call
[rank1]:     return tracer.inline_call_()
[rank1]:            ^^^^^^^^^^^^^^^^^^^^^
[rank1]:   File "/usr/local/lib/python3.12/dist-packages/torch/_dynamo/symbolic_convert.py", line 4332, in inline_call_
[rank1]:     self.run()
[rank1]:   File "/usr/local/lib/python3.12/dist-packages/torch/_dynamo/symbolic_convert.py", line 1500, in run
[rank1]:     while self.step():
[rank1]:           ^^^^^^^^^^^
[rank1]:   File "/usr/local/lib/python3.12/dist-packages/torch/_dynamo/symbolic_convert.py", line 1348, in step
[rank1]:     self.dispatch_table[inst.opcode](self, inst)
[rank1]:   File "/usr/local/lib/python3.12/dist-packages/torch/_dynamo/symbolic_convert.py", line 3368, in BINARY_OP
[rank1]:     return _binary_op_lookup[inst.arg](self, inst)
[rank1]:            ^^^^^^^^^^^^^^^^^^^^^^^^^^^^^^^^^^^^^^^
[rank1]:   File "/usr/local/lib/python3.12/dist-packages/torch/_dynamo/symbolic_convert.py", line 462, in impl
[rank1]:     self.push(fn_var.call_function(self, self.popn(nargs), {}))
[rank1]:               ^^^^^^^^^^^^^^^^^^^^^^^^^^^^^^^^^^^^^^^^^^^^^^^^
[rank1]:   File "/usr/local/lib/python3.12/dist-packages/torch/_dynamo/variables/builtin.py", line 1347, in call_function
[rank1]:     return handler(tx, args, kwargs)
[rank1]:            ^^^^^^^^^^^^^^^^^^^^^^^^^
[rank1]:   File "/usr/local/lib/python3.12/dist-packages/torch/_dynamo/variables/builtin.py", line 1307, in _handle_insert_op_in_graph
[rank1]:     return wrap_fx_proxy(tx, proxy)
[rank1]:            ^^^^^^^^^^^^^^^^^^^^^^^^
[rank1]:   File "/usr/local/lib/python3.12/dist-packages/torch/_dynamo/variables/builder.py", line 2645, in wrap_fx_proxy
[rank1]:     return wrap_fx_proxy_cls(target_cls=TensorVariable, **kwargs)
[rank1]:            ^^^^^^^^^^^^^^^^^^^^^^^^^^^^^^^^^^^^^^^^^^^^^^^^^^^^^^
[rank1]:   File "/usr/local/lib/python3.12/dist-packages/torch/_dynamo/variables/builder.py", line 2711, in wrap_fx_proxy_cls
[rank1]:     return _wrap_fx_proxy(
[rank1]:            ^^^^^^^^^^^^^^^
[rank1]:   File "/usr/local/lib/python3.12/dist-packages/torch/_dynamo/variables/builder.py", line 2809, in _wrap_fx_proxy
[rank1]:     example_value = get_fake_value(proxy.node, tx, allow_non_graph_fake=True)
[rank1]:                     ^^^^^^^^^^^^^^^^^^^^^^^^^^^^^^^^^^^^^^^^^^^^^^^^^^^^^^^^^
[rank1]:   File "/usr/local/lib/python3.12/dist-packages/torch/_dynamo/utils.py", line 3478, in get_fake_value
[rank1]:     raise TorchRuntimeError(str(e)).with_traceback(e.__traceback__) from None
[rank1]:   File "/usr/local/lib/python3.12/dist-packages/torch/_dynamo/utils.py", line 3376, in get_fake_value
[rank1]:     ret_val = wrap_fake_exception(
[rank1]:               ^^^^^^^^^^^^^^^^^^^^
[rank1]:   File "/usr/local/lib/python3.12/dist-packages/torch/_dynamo/utils.py", line 2864, in wrap_fake_exception
[rank1]:     return fn()
[rank1]:            ^^^^
[rank1]:   File "/usr/local/lib/python3.12/dist-packages/torch/_dynamo/utils.py", line 3377, in <lambda>
[rank1]:     lambda: run_node(tx.output, node, args, kwargs, nnmodule)
[rank1]:             ^^^^^^^^^^^^^^^^^^^^^^^^^^^^^^^^^^^^^^^^^^^^^^^^^
[rank1]:   File "/usr/local/lib/python3.12/dist-packages/torch/_dynamo/utils.py", line 3587, in run_node
[rank1]:     raise RuntimeError(make_error_message(e)).with_traceback(
[rank1]:   File "/usr/local/lib/python3.12/dist-packages/torch/_dynamo/utils.py", line 3546, in run_node
[rank1]:     return node.target(*args, **kwargs)  # type: ignore[operator]
[rank1]:            ^^^^^^^^^^^^^^^^^^^^^^^^^^^^
[rank1]:   File "/usr/local/lib/python3.12/dist-packages/torch/utils/_stats.py", line 28, in wrapper
[rank1]:     return fn(*args, **kwargs)
[rank1]:            ^^^^^^^^^^^^^^^^^^^
[rank1]:   File "/usr/local/lib/python3.12/dist-packages/torch/_subclasses/fake_tensor.py", line 1376, in __torch_dispatch__
[rank1]:     return self.dispatch(func, types, args, kwargs)
[rank1]:            ^^^^^^^^^^^^^^^^^^^^^^^^^^^^^^^^^^^^^^^^
[rank1]:   File "/usr/local/lib/python3.12/dist-packages/torch/_subclasses/fake_tensor.py", line 2096, in dispatch
[rank1]:     return self._cached_dispatch_impl(func, types, args, kwargs)
[rank1]:            ^^^^^^^^^^^^^^^^^^^^^^^^^^^^^^^^^^^^^^^^^^^^^^^^^^^^^
[rank1]:   File "/usr/local/lib/python3.12/dist-packages/torch/_subclasses/fake_tensor.py", line 1511, in _cached_dispatch_impl
[rank1]:     output = self._dispatch_impl(func, types, args, kwargs)
[rank1]:              ^^^^^^^^^^^^^^^^^^^^^^^^^^^^^^^^^^^^^^^^^^^^^^
[rank1]:   File "/usr/local/lib/python3.12/dist-packages/torch/_subclasses/fake_tensor.py", line 2755, in _dispatch_impl
[rank1]:     r = func(*args, **kwargs)
[rank1]:         ^^^^^^^^^^^^^^^^^^^^^
[rank1]:   File "/usr/local/lib/python3.12/dist-packages/torch/_ops.py", line 841, in __call__
[rank1]:     return self._op(*args, **kwargs)
[rank1]:            ^^^^^^^^^^^^^^^^^^^^^^^^^
[rank1]:   File "/usr/local/lib/python3.12/dist-packages/torch/_prims_common/wrappers.py", line 309, in _fn
[rank1]:     result = fn(*args, **kwargs)
[rank1]:              ^^^^^^^^^^^^^^^^^^^
[rank1]:   File "/usr/local/lib/python3.12/dist-packages/torch/_compile.py", line 53, in inner
[rank1]:     return disable_fn(*args, **kwargs)
[rank1]:            ^^^^^^^^^^^^^^^^^^^^^^^^^^^
[rank1]:   File "/usr/local/lib/python3.12/dist-packages/torch/_dynamo/eval_frame.py", line 1044, in _fn
[rank1]:     return fn(*args, **kwargs)
[rank1]:            ^^^^^^^^^^^^^^^^^^^
[rank1]:   File "/usr/local/lib/python3.12/dist-packages/torch/_prims_common/wrappers.py", line 149, in _fn
[rank1]:     result = fn(**bound.arguments)
[rank1]:              ^^^^^^^^^^^^^^^^^^^^^
[rank1]:   File "/usr/local/lib/python3.12/dist-packages/torch/_refs/__init__.py", line 1138, in _ref
[rank1]:     a, b = _maybe_broadcast(a, b)
[rank1]:            ^^^^^^^^^^^^^^^^^^^^^^
[rank1]:   File "/usr/local/lib/python3.12/dist-packages/torch/_refs/__init__.py", line 448, in _maybe_broadcast
[rank1]:     common_shape = _broadcast_shapes(
[rank1]:                    ^^^^^^^^^^^^^^^^^^
[rank1]:   File "/usr/local/lib/python3.12/dist-packages/torch/_refs/__init__.py", line 436, in _broadcast_shapes
[rank1]:     torch._check(
[rank1]:   File "/usr/local/lib/python3.12/dist-packages/torch/__init__.py", line 1695, in _check
[rank1]:     _check_with(RuntimeError, cond, message)
[rank1]:   File "/usr/local/lib/python3.12/dist-packages/torch/__init__.py", line 1677, in _check_with
[rank1]:     raise error_type(message_evaluated)
[rank1]: torch._dynamo.exc.TorchRuntimeError: Dynamo failed to run FX node with fake tensors: call_function <built-in function mul>(*(FakeTensor(..., device='cuda:1', size=(32, 2048, 8, 32), dtype=torch.bfloat16,
[rank1]:            grad_fn=<SliceBackward0>), FakeTensor(..., device='cuda:1', size=(1, 1, 2048, 32), dtype=torch.bfloat16)), **{}): got RuntimeError('Attempting to broadcast a dimension of length 2048 at -2! Mismatching argument at index 1 had torch.Size([1, 1, 2048, 32]); but expected shape should be broadcastable to [32, 2048, 8, 32]')

[rank1]: from user code:
[rank1]:    File "/workspace/parameter-golf/train_gpt_v8_xsa_ema.py", line 838, in forward
[rank1]:     x = self.blocks[i](x, x0)
[rank1]:   File "/workspace/parameter-golf/train_gpt_v8_xsa_ema.py", line 751, in forward
[rank1]:     attn_out = self.attn(self.attn_norm(x))
[rank1]:   File "/workspace/parameter-golf/train_gpt_v8_xsa_ema.py", line 654, in forward
[rank1]:     q = apply_rotary_emb(q, cos, sin)
[rank1]:   File "/workspace/parameter-golf/train_gpt_v8_xsa_ema.py", line 604, in apply_rotary_emb
[rank1]:     return torch.cat((x1 * cos + x2 * sin, x1 * (-sin) + x2 * cos), dim=-1)

[rank1]: Set TORCHDYNAMO_VERBOSE=1 for the internal stack trace (please do this especially if you're reporting a bug to PyTorch). For even more developer context, set TORCH_LOGS="+dynamo"

[rank6]: Traceback (most recent call last):
[rank6]:   File "/workspace/parameter-golf/train_gpt_v8_xsa_ema.py", line 1432, in <module>
[rank6]:     main()
[rank6]:   File "/workspace/parameter-golf/train_gpt_v8_xsa_ema.py", line 1186, in main
[rank6]:     warmup_loss = model(x, y)
[rank6]:                   ^^^^^^^^^^^
[rank6]:   File "/usr/local/lib/python3.12/dist-packages/torch/nn/modules/module.py", line 1775, in _wrapped_call_impl
[rank6]:     return self._call_impl(*args, **kwargs)
[rank6]:            ^^^^^^^^^^^^^^^^^^^^^^^^^^^^^^^^
[rank6]:   File "/usr/local/lib/python3.12/dist-packages/torch/nn/modules/module.py", line 1786, in _call_impl
[rank6]:     return forward_call(*args, **kwargs)
[rank6]:            ^^^^^^^^^^^^^^^^^^^^^^^^^^^^^
[rank6]:   File "/usr/local/lib/python3.12/dist-packages/torch/nn/parallel/distributed.py", line 1661, in forward
[rank6]:     else self._run_ddp_forward(*inputs, **kwargs)
[rank6]:          ^^^^^^^^^^^^^^^^^^^^^^^^^^^^^^^^^^^^^^^^
[rank6]:   File "/usr/local/lib/python3.12/dist-packages/torch/nn/parallel/distributed.py", line 1487, in _run_ddp_forward
[rank6]:     return self.module(*inputs, **kwargs)  # type: ignore[index]
[rank6]:            ^^^^^^^^^^^^^^^^^^^^^^^^^^^^^^
[rank6]:   File "/usr/local/lib/python3.12/dist-packages/torch/_dynamo/eval_frame.py", line 414, in __call__
[rank6]:     return super().__call__(*args, **kwargs)
[rank6]:            ^^^^^^^^^^^^^^^^^^^^^^^^^^^^^^^^^
[rank6]:   File "/usr/local/lib/python3.12/dist-packages/torch/nn/modules/module.py", line 1775, in _wrapped_call_impl
[rank6]:     return self._call_impl(*args, **kwargs)
[rank6]:            ^^^^^^^^^^^^^^^^^^^^^^^^^^^^^^^^
[rank6]:   File "/usr/local/lib/python3.12/dist-packages/torch/nn/modules/module.py", line 1786, in _call_impl
[rank6]:     return forward_call(*args, **kwargs)
[rank6]:            ^^^^^^^^^^^^^^^^^^^^^^^^^^^^^
[rank6]:   File "/usr/local/lib/python3.12/dist-packages/torch/_dynamo/eval_frame.py", line 832, in compile_wrapper
[rank6]:     return fn(*args, **kwargs)
[rank6]:            ^^^^^^^^^^^^^^^^^^^
[rank6]:   File "/usr/local/lib/python3.12/dist-packages/torch/nn/modules/module.py", line 1775, in _wrapped_call_impl
[rank6]:     return self._call_impl(*args, **kwargs)
[rank6]:            ^^^^^^^^^^^^^^^^^^^^^^^^^^^^^^^^
[rank6]:   File "/usr/local/lib/python3.12/dist-packages/torch/nn/modules/module.py", line 1786, in _call_impl
[rank6]:     return forward_call(*args, **kwargs)
[rank6]:            ^^^^^^^^^^^^^^^^^^^^^^^^^^^^^
[rank6]:   File "/usr/local/lib/python3.12/dist-packages/torch/_dynamo/convert_frame.py", line 1869, in __call__
[rank6]:     return hijacked_callback(
[rank6]:            ^^^^^^^^^^^^^^^^^^
[rank6]:   File "/usr/local/lib/python3.12/dist-packages/torch/_dynamo/convert_frame.py", line 688, in __call__
[rank6]:     result = _compile(
[rank6]:              ^^^^^^^^^
[rank6]:   File "/usr/local/lib/python3.12/dist-packages/torch/_dynamo/convert_frame.py", line 1434, in _compile
[rank6]:     guarded_code, tracer_output = compile_inner(code, one_graph, hooks)
[rank6]:                                   ^^^^^^^^^^^^^^^^^^^^^^^^^^^^^^^^^^^^^
[rank6]:   File "/usr/local/lib/python3.12/dist-packages/torch/_utils_internal.py", line 92, in wrapper_function
[rank6]:     return function(*args, **kwargs)
[rank6]:            ^^^^^^^^^^^^^^^^^^^^^^^^^
[rank6]:   File "/usr/local/lib/python3.12/dist-packages/torch/_dynamo/convert_frame.py", line 1117, in compile_inner
[rank6]:     return _compile_inner(code, one_graph, hooks)
[rank6]:            ^^^^^^^^^^^^^^^^^^^^^^^^^^^^^^^^^^^^^^
[rank6]:   File "/usr/local/lib/python3.12/dist-packages/torch/_dynamo/convert_frame.py", line 1151, in _compile_inner
[rank6]:     dynamo_output = compile_frame(
[rank6]:                     ^^^^^^^^^^^^^^
[rank6]:   File "/usr/local/lib/python3.12/dist-packages/torch/_dynamo/convert_frame.py", line 1032, in compile_frame
[rank6]:     bytecode, tracer_output = transform_code_object(code, transform)
[rank6]:                               ^^^^^^^^^^^^^^^^^^^^^^^^^^^^^^^^^^^^^^
[rank6]:   File "/usr/local/lib/python3.12/dist-packages/torch/_dynamo/bytecode_transformation.py", line 1592, in transform_code_object
[rank6]:     tracer_output = transformations(instructions, code_options)
[rank6]:                     ^^^^^^^^^^^^^^^^^^^^^^^^^^^^^^^^^^^^^^^^^^^
[rank6]:   File "/usr/local/lib/python3.12/dist-packages/torch/_dynamo/convert_frame.py", line 1004, in transform
[rank6]:     tracer_output = trace_frame(
[rank6]:                     ^^^^^^^^^^^^
[rank6]:   File "/usr/local/lib/python3.12/dist-packages/torch/_dynamo/convert_frame.py", line 312, in _fn
[rank6]:     return fn(*args, **kwargs)
[rank6]:            ^^^^^^^^^^^^^^^^^^^
[rank6]:   File "/usr/local/lib/python3.12/dist-packages/torch/_dynamo/convert_frame.py", line 815, in trace_frame
[rank6]:     run_tracer()
[rank6]:   File "/usr/local/lib/python3.12/dist-packages/torch/_dynamo/convert_frame.py", line 797, in run_tracer
[rank6]:     tracer.run()
[rank6]:   File "/usr/local/lib/python3.12/dist-packages/torch/_dynamo/symbolic_convert.py", line 1500, in run
[rank6]:     while self.step():
[rank6]:           ^^^^^^^^^^^
[rank6]:   File "/usr/local/lib/python3.12/dist-packages/torch/_dynamo/symbolic_convert.py", line 1348, in step
[rank6]:     self.dispatch_table[inst.opcode](self, inst)
[rank6]:   File "/usr/local/lib/python3.12/dist-packages/torch/_dynamo/symbolic_convert.py", line 904, in wrapper
[rank6]:     return inner_fn(self, inst)
[rank6]:            ^^^^^^^^^^^^^^^^^^^^
[rank6]:   File "/usr/local/lib/python3.12/dist-packages/torch/_dynamo/symbolic_convert.py", line 3428, in CALL
[rank6]:     self._call(inst)
[rank6]:   File "/usr/local/lib/python3.12/dist-packages/torch/_dynamo/symbolic_convert.py", line 3422, in _call
[rank6]:     self.call_function(fn, args, kwargs)
[rank6]:   File "/usr/local/lib/python3.12/dist-packages/torch/_dynamo/symbolic_convert.py", line 1266, in call_function
[rank6]:     self.push(fn.call_function(self, args, kwargs))  # type: ignore[arg-type]
[rank6]:               ^^^^^^^^^^^^^^^^^^^^^^^^^^^^^^^^^^^^
[rank6]:   File "/usr/local/lib/python3.12/dist-packages/torch/_dynamo/variables/lazy.py", line 212, in realize_and_forward
[rank6]:     return getattr(self.realize(), name)(*args, **kwargs)
[rank6]:            ^^^^^^^^^^^^^^^^^^^^^^^^^^^^^^^^^^^^^^^^^^^^^^
[rank6]:   File "/usr/local/lib/python3.12/dist-packages/torch/_dynamo/variables/nn_module.py", line 1010, in call_function
[rank6]:     return variables.UserFunctionVariable(fn, source=source).call_function(
[rank6]:            ^^^^^^^^^^^^^^^^^^^^^^^^^^^^^^^^^^^^^^^^^^^^^^^^^^^^^^^^^^^^^^^^
[rank6]:   File "/usr/local/lib/python3.12/dist-packages/torch/_dynamo/variables/functions.py", line 598, in call_function
[rank6]:     return super().call_function(tx, args, kwargs)
[rank6]:            ^^^^^^^^^^^^^^^^^^^^^^^^^^^^^^^^^^^^^^^
[rank6]:   File "/usr/local/lib/python3.12/dist-packages/torch/_dynamo/variables/functions.py", line 342, in call_function
[rank6]:     return tx.inline_user_function_return(self, [*self.self_args(), *args], kwargs)
[rank6]:            ^^^^^^^^^^^^^^^^^^^^^^^^^^^^^^^^^^^^^^^^^^^^^^^^^^^^^^^^^^^^^^^^^^^^^^^^
[rank6]:   File "/usr/local/lib/python3.12/dist-packages/torch/_dynamo/symbolic_convert.py", line 1288, in inline_user_function_return
[rank6]:     return InliningInstructionTranslator.inline_call(self, fn, args, kwargs)
[rank6]:            ^^^^^^^^^^^^^^^^^^^^^^^^^^^^^^^^^^^^^^^^^^^^^^^^^^^^^^^^^^^^^^^^^
[rank6]:   File "/usr/local/lib/python3.12/dist-packages/torch/_dynamo/symbolic_convert.py", line 4129, in inline_call
[rank6]:     return tracer.inline_call_()
[rank6]:            ^^^^^^^^^^^^^^^^^^^^^
[rank6]:   File "/usr/local/lib/python3.12/dist-packages/torch/_dynamo/symbolic_convert.py", line 4332, in inline_call_
[rank6]:     self.run()
[rank6]:   File "/usr/local/lib/python3.12/dist-packages/torch/_dynamo/symbolic_convert.py", line 1500, in run
[rank6]:     while self.step():
[rank6]:           ^^^^^^^^^^^
[rank6]:   File "/usr/local/lib/python3.12/dist-packages/torch/_dynamo/symbolic_convert.py", line 1348, in step
[rank6]:     self.dispatch_table[inst.opcode](self, inst)
[rank6]:   File "/usr/local/lib/python3.12/dist-packages/torch/_dynamo/symbolic_convert.py", line 904, in wrapper
[rank6]:     return inner_fn(self, inst)
[rank6]:            ^^^^^^^^^^^^^^^^^^^^
[rank6]:   File "/usr/local/lib/python3.12/dist-packages/torch/_dynamo/symbolic_convert.py", line 3428, in CALL
[rank6]:     self._call(inst)
[rank6]:   File "/usr/local/lib/python3.12/dist-packages/torch/_dynamo/symbolic_convert.py", line 3422, in _call
[rank6]:     self.call_function(fn, args, kwargs)
[rank6]:   File "/usr/local/lib/python3.12/dist-packages/torch/_dynamo/symbolic_convert.py", line 1266, in call_function
[rank6]:     self.push(fn.call_function(self, args, kwargs))  # type: ignore[arg-type]
[rank6]:               ^^^^^^^^^^^^^^^^^^^^^^^^^^^^^^^^^^^^
[rank6]:   File "/usr/local/lib/python3.12/dist-packages/torch/_dynamo/variables/lazy.py", line 212, in realize_and_forward
[rank6]:     return getattr(self.realize(), name)(*args, **kwargs)
[rank6]:            ^^^^^^^^^^^^^^^^^^^^^^^^^^^^^^^^^^^^^^^^^^^^^^
[rank6]:   File "/usr/local/lib/python3.12/dist-packages/torch/_dynamo/variables/nn_module.py", line 1010, in call_function
[rank6]:     return variables.UserFunctionVariable(fn, source=source).call_function(
[rank6]:            ^^^^^^^^^^^^^^^^^^^^^^^^^^^^^^^^^^^^^^^^^^^^^^^^^^^^^^^^^^^^^^^^
[rank6]:   File "/usr/local/lib/python3.12/dist-packages/torch/_dynamo/variables/functions.py", line 598, in call_function
[rank6]:     return super().call_function(tx, args, kwargs)
[rank6]:            ^^^^^^^^^^^^^^^^^^^^^^^^^^^^^^^^^^^^^^^
[rank6]:   File "/usr/local/lib/python3.12/dist-packages/torch/_dynamo/variables/functions.py", line 342, in call_function
[rank6]:     return tx.inline_user_function_return(self, [*self.self_args(), *args], kwargs)
[rank6]:            ^^^^^^^^^^^^^^^^^^^^^^^^^^^^^^^^^^^^^^^^^^^^^^^^^^^^^^^^^^^^^^^^^^^^^^^^
[rank6]:   File "/usr/local/lib/python3.12/dist-packages/torch/_dynamo/symbolic_convert.py", line 1288, in inline_user_function_return
[rank6]:     return InliningInstructionTranslator.inline_call(self, fn, args, kwargs)
[rank6]:            ^^^^^^^^^^^^^^^^^^^^^^^^^^^^^^^^^^^^^^^^^^^^^^^^^^^^^^^^^^^^^^^^^
[rank6]:   File "/usr/local/lib/python3.12/dist-packages/torch/_dynamo/symbolic_convert.py", line 4129, in inline_call
[rank6]:     return tracer.inline_call_()
[rank6]:            ^^^^^^^^^^^^^^^^^^^^^
[rank6]:   File "/usr/local/lib/python3.12/dist-packages/torch/_dynamo/symbolic_convert.py", line 4332, in inline_call_
[rank6]:     self.run()
[rank6]:   File "/usr/local/lib/python3.12/dist-packages/torch/_dynamo/symbolic_convert.py", line 1500, in run
[rank6]:     while self.step():
[rank6]:           ^^^^^^^^^^^
[rank6]:   File "/usr/local/lib/python3.12/dist-packages/torch/_dynamo/symbolic_convert.py", line 1348, in step
[rank6]:     self.dispatch_table[inst.opcode](self, inst)
[rank6]:   File "/usr/local/lib/python3.12/dist-packages/torch/_dynamo/symbolic_convert.py", line 904, in wrapper
[rank6]:     return inner_fn(self, inst)
[rank6]:            ^^^^^^^^^^^^^^^^^^^^
[rank6]:   File "/usr/local/lib/python3.12/dist-packages/torch/_dynamo/symbolic_convert.py", line 3428, in CALL
[rank6]:     self._call(inst)
[rank6]:   File "/usr/local/lib/python3.12/dist-packages/torch/_dynamo/symbolic_convert.py", line 3422, in _call
[rank6]:     self.call_function(fn, args, kwargs)
[rank6]:   File "/usr/local/lib/python3.12/dist-packages/torch/_dynamo/symbolic_convert.py", line 1266, in call_function
[rank6]:     self.push(fn.call_function(self, args, kwargs))  # type: ignore[arg-type]
[rank6]:               ^^^^^^^^^^^^^^^^^^^^^^^^^^^^^^^^^^^^
[rank6]:   File "/usr/local/lib/python3.12/dist-packages/torch/_dynamo/variables/lazy.py", line 212, in realize_and_forward
[rank6]:     return getattr(self.realize(), name)(*args, **kwargs)
[rank6]:            ^^^^^^^^^^^^^^^^^^^^^^^^^^^^^^^^^^^^^^^^^^^^^^
[rank6]:   File "/usr/local/lib/python3.12/dist-packages/torch/_dynamo/variables/functions.py", line 598, in call_function
[rank6]:     return super().call_function(tx, args, kwargs)
[rank6]:            ^^^^^^^^^^^^^^^^^^^^^^^^^^^^^^^^^^^^^^^
[rank6]:   File "/usr/local/lib/python3.12/dist-packages/torch/_dynamo/variables/functions.py", line 342, in call_function
[rank6]:     return tx.inline_user_function_return(self, [*self.self_args(), *args], kwargs)
[rank6]:            ^^^^^^^^^^^^^^^^^^^^^^^^^^^^^^^^^^^^^^^^^^^^^^^^^^^^^^^^^^^^^^^^^^^^^^^^
[rank6]:   File "/usr/local/lib/python3.12/dist-packages/torch/_dynamo/symbolic_convert.py", line 1288, in inline_user_function_return
[rank6]:     return InliningInstructionTranslator.inline_call(self, fn, args, kwargs)
[rank6]:            ^^^^^^^^^^^^^^^^^^^^^^^^^^^^^^^^^^^^^^^^^^^^^^^^^^^^^^^^^^^^^^^^^
[rank6]:   File "/usr/local/lib/python3.12/dist-packages/torch/_dynamo/symbolic_convert.py", line 4129, in inline_call
[rank6]:     return tracer.inline_call_()
[rank6]:            ^^^^^^^^^^^^^^^^^^^^^
[rank6]:   File "/usr/local/lib/python3.12/dist-packages/torch/_dynamo/symbolic_convert.py", line 4332, in inline_call_
[rank6]:     self.run()
[rank6]:   File "/usr/local/lib/python3.12/dist-packages/torch/_dynamo/symbolic_convert.py", line 1500, in run
[rank6]:     while self.step():
[rank6]:           ^^^^^^^^^^^
[rank6]:   File "/usr/local/lib/python3.12/dist-packages/torch/_dynamo/symbolic_convert.py", line 1348, in step
[rank6]:     self.dispatch_table[inst.opcode](self, inst)
[rank6]:   File "/usr/local/lib/python3.12/dist-packages/torch/_dynamo/symbolic_convert.py", line 3368, in BINARY_OP
[rank6]:     return _binary_op_lookup[inst.arg](self, inst)
[rank6]:            ^^^^^^^^^^^^^^^^^^^^^^^^^^^^^^^^^^^^^^^
[rank6]:   File "/usr/local/lib/python3.12/dist-packages/torch/_dynamo/symbolic_convert.py", line 462, in impl
[rank6]:     self.push(fn_var.call_function(self, self.popn(nargs), {}))
[rank6]:               ^^^^^^^^^^^^^^^^^^^^^^^^^^^^^^^^^^^^^^^^^^^^^^^^
[rank6]:   File "/usr/local/lib/python3.12/dist-packages/torch/_dynamo/variables/builtin.py", line 1347, in call_function
[rank6]:     return handler(tx, args, kwargs)
[rank6]:            ^^^^^^^^^^^^^^^^^^^^^^^^^
[rank6]:   File "/usr/local/lib/python3.12/dist-packages/torch/_dynamo/variables/builtin.py", line 1307, in _handle_insert_op_in_graph
[rank6]:     return wrap_fx_proxy(tx, proxy)
[rank6]:            ^^^^^^^^^^^^^^^^^^^^^^^^
[rank6]:   File "/usr/local/lib/python3.12/dist-packages/torch/_dynamo/variables/builder.py", line 2645, in wrap_fx_proxy
[rank6]:     return wrap_fx_proxy_cls(target_cls=TensorVariable, **kwargs)
[rank6]:            ^^^^^^^^^^^^^^^^^^^^^^^^^^^^^^^^^^^^^^^^^^^^^^^^^^^^^^
[rank6]:   File "/usr/local/lib/python3.12/dist-packages/torch/_dynamo/variables/builder.py", line 2711, in wrap_fx_proxy_cls
[rank6]:     return _wrap_fx_proxy(
[rank6]:            ^^^^^^^^^^^^^^^
[rank6]:   File "/usr/local/lib/python3.12/dist-packages/torch/_dynamo/variables/builder.py", line 2809, in _wrap_fx_proxy
[rank6]:     example_value = get_fake_value(proxy.node, tx, allow_non_graph_fake=True)
[rank6]:                     ^^^^^^^^^^^^^^^^^^^^^^^^^^^^^^^^^^^^^^^^^^^^^^^^^^^^^^^^^
[rank6]:   File "/usr/local/lib/python3.12/dist-packages/torch/_dynamo/utils.py", line 3478, in get_fake_value
[rank6]:     raise TorchRuntimeError(str(e)).with_traceback(e.__traceback__) from None
[rank6]:   File "/usr/local/lib/python3.12/dist-packages/torch/_dynamo/utils.py", line 3376, in get_fake_value
[rank6]:     ret_val = wrap_fake_exception(
[rank6]:               ^^^^^^^^^^^^^^^^^^^^
[rank6]:   File "/usr/local/lib/python3.12/dist-packages/torch/_dynamo/utils.py", line 2864, in wrap_fake_exception
[rank6]:     return fn()
[rank6]:            ^^^^
[rank6]:   File "/usr/local/lib/python3.12/dist-packages/torch/_dynamo/utils.py", line 3377, in <lambda>
[rank6]:     lambda: run_node(tx.output, node, args, kwargs, nnmodule)
[rank6]:             ^^^^^^^^^^^^^^^^^^^^^^^^^^^^^^^^^^^^^^^^^^^^^^^^^
[rank6]:   File "/usr/local/lib/python3.12/dist-packages/torch/_dynamo/utils.py", line 3587, in run_node
[rank6]:     raise RuntimeError(make_error_message(e)).with_traceback(
[rank6]:   File "/usr/local/lib/python3.12/dist-packages/torch/_dynamo/utils.py", line 3546, in run_node
[rank6]:     return node.target(*args, **kwargs)  # type: ignore[operator]
[rank6]:            ^^^^^^^^^^^^^^^^^^^^^^^^^^^^
[rank6]:   File "/usr/local/lib/python3.12/dist-packages/torch/utils/_stats.py", line 28, in wrapper
[rank6]:     return fn(*args, **kwargs)
[rank6]:            ^^^^^^^^^^^^^^^^^^^
[rank6]:   File "/usr/local/lib/python3.12/dist-packages/torch/_subclasses/fake_tensor.py", line 1376, in __torch_dispatch__
[rank6]:     return self.dispatch(func, types, args, kwargs)
[rank6]:            ^^^^^^^^^^^^^^^^^^^^^^^^^^^^^^^^^^^^^^^^
[rank6]:   File "/usr/local/lib/python3.12/dist-packages/torch/_subclasses/fake_tensor.py", line 2096, in dispatch
[rank6]:     return self._cached_dispatch_impl(func, types, args, kwargs)
[rank6]:            ^^^^^^^^^^^^^^^^^^^^^^^^^^^^^^^^^^^^^^^^^^^^^^^^^^^^^
[rank6]:   File "/usr/local/lib/python3.12/dist-packages/torch/_subclasses/fake_tensor.py", line 1511, in _cached_dispatch_impl
[rank6]:     output = self._dispatch_impl(func, types, args, kwargs)
[rank6]:              ^^^^^^^^^^^^^^^^^^^^^^^^^^^^^^^^^^^^^^^^^^^^^^
[rank6]:   File "/usr/local/lib/python3.12/dist-packages/torch/_subclasses/fake_tensor.py", line 2755, in _dispatch_impl
[rank6]:     r = func(*args, **kwargs)
[rank6]:         ^^^^^^^^^^^^^^^^^^^^^
[rank6]:   File "/usr/local/lib/python3.12/dist-packages/torch/_ops.py", line 841, in __call__
[rank6]:     return self._op(*args, **kwargs)
[rank6]:            ^^^^^^^^^^^^^^^^^^^^^^^^^
[rank6]:   File "/usr/local/lib/python3.12/dist-packages/torch/_prims_common/wrappers.py", line 309, in _fn
[rank6]:     result = fn(*args, **kwargs)
[rank6]:              ^^^^^^^^^^^^^^^^^^^
[rank6]:   File "/usr/local/lib/python3.12/dist-packages/torch/_compile.py", line 53, in inner
[rank6]:     return disable_fn(*args, **kwargs)
[rank6]:            ^^^^^^^^^^^^^^^^^^^^^^^^^^^
[rank6]:   File "/usr/local/lib/python3.12/dist-packages/torch/_dynamo/eval_frame.py", line 1044, in _fn
[rank6]:     return fn(*args, **kwargs)
[rank6]:            ^^^^^^^^^^^^^^^^^^^
[rank6]:   File "/usr/local/lib/python3.12/dist-packages/torch/_prims_common/wrappers.py", line 149, in _fn
[rank6]:     result = fn(**bound.arguments)
[rank6]:              ^^^^^^^^^^^^^^^^^^^^^
[rank6]:   File "/usr/local/lib/python3.12/dist-packages/torch/_refs/__init__.py", line 1138, in _ref
[rank6]:     a, b = _maybe_broadcast(a, b)
[rank6]:            ^^^^^^^^^^^^^^^^^^^^^^
[rank6]:   File "/usr/local/lib/python3.12/dist-packages/torch/_refs/__init__.py", line 448, in _maybe_broadcast
[rank6]:     common_shape = _broadcast_shapes(
[rank6]:                    ^^^^^^^^^^^^^^^^^^
[rank6]:   File "/usr/local/lib/python3.12/dist-packages/torch/_refs/__init__.py", line 436, in _broadcast_shapes
[rank6]:     torch._check(
[rank6]:   File "/usr/local/lib/python3.12/dist-packages/torch/__init__.py", line 1695, in _check
[rank6]:     _check_with(RuntimeError, cond, message)
[rank6]:   File "/usr/local/lib/python3.12/dist-packages/torch/__init__.py", line 1677, in _check_with
[rank6]:     raise error_type(message_evaluated)
[rank6]: torch._dynamo.exc.TorchRuntimeError: Dynamo failed to run FX node with fake tensors: call_function <built-in function mul>(*(FakeTensor(..., device='cuda:6', size=(32, 2048, 8, 32), dtype=torch.bfloat16,
[rank6]:            grad_fn=<SliceBackward0>), FakeTensor(..., device='cuda:6', size=(1, 1, 2048, 32), dtype=torch.bfloat16)), **{}): got RuntimeError('Attempting to broadcast a dimension of length 2048 at -2! Mismatching argument at index 1 had torch.Size([1, 1, 2048, 32]); but expected shape should be broadcastable to [32, 2048, 8, 32]')

[rank6]: from user code:
[rank6]:    File "/workspace/parameter-golf/train_gpt_v8_xsa_ema.py", line 838, in forward
[rank6]:     x = self.blocks[i](x, x0)
[rank6]:   File "/workspace/parameter-golf/train_gpt_v8_xsa_ema.py", line 751, in forward
[rank6]:     attn_out = self.attn(self.attn_norm(x))
[rank6]:   File "/workspace/parameter-golf/train_gpt_v8_xsa_ema.py", line 654, in forward
[rank6]:     q = apply_rotary_emb(q, cos, sin)
[rank6]:   File "/workspace/parameter-golf/train_gpt_v8_xsa_ema.py", line 604, in apply_rotary_emb
[rank6]:     return torch.cat((x1 * cos + x2 * sin, x1 * (-sin) + x2 * cos), dim=-1)

[rank6]: Set TORCHDYNAMO_VERBOSE=1 for the internal stack trace (please do this especially if you're reporting a bug to PyTorch). For even more developer context, set TORCH_LOGS="+dynamo"

[rank7]: Traceback (most recent call last):
[rank7]:   File "/workspace/parameter-golf/train_gpt_v8_xsa_ema.py", line 1432, in <module>
[rank7]:     main()
[rank7]:   File "/workspace/parameter-golf/train_gpt_v8_xsa_ema.py", line 1186, in main
[rank7]:     warmup_loss = model(x, y)
[rank7]:                   ^^^^^^^^^^^
[rank7]:   File "/usr/local/lib/python3.12/dist-packages/torch/nn/modules/module.py", line 1775, in _wrapped_call_impl
[rank7]:     return self._call_impl(*args, **kwargs)
[rank7]:            ^^^^^^^^^^^^^^^^^^^^^^^^^^^^^^^^
[rank7]:   File "/usr/local/lib/python3.12/dist-packages/torch/nn/modules/module.py", line 1786, in _call_impl
[rank7]:     return forward_call(*args, **kwargs)
[rank7]:            ^^^^^^^^^^^^^^^^^^^^^^^^^^^^^
[rank7]:   File "/usr/local/lib/python3.12/dist-packages/torch/nn/parallel/distributed.py", line 1661, in forward
[rank7]:     else self._run_ddp_forward(*inputs, **kwargs)
[rank7]:          ^^^^^^^^^^^^^^^^^^^^^^^^^^^^^^^^^^^^^^^^
[rank7]:   File "/usr/local/lib/python3.12/dist-packages/torch/nn/parallel/distributed.py", line 1487, in _run_ddp_forward
[rank7]:     return self.module(*inputs, **kwargs)  # type: ignore[index]
[rank7]:            ^^^^^^^^^^^^^^^^^^^^^^^^^^^^^^
[rank7]:   File "/usr/local/lib/python3.12/dist-packages/torch/_dynamo/eval_frame.py", line 414, in __call__
[rank7]:     return super().__call__(*args, **kwargs)
[rank7]:            ^^^^^^^^^^^^^^^^^^^^^^^^^^^^^^^^^
[rank7]:   File "/usr/local/lib/python3.12/dist-packages/torch/nn/modules/module.py", line 1775, in _wrapped_call_impl
[rank7]:     return self._call_impl(*args, **kwargs)
[rank7]:            ^^^^^^^^^^^^^^^^^^^^^^^^^^^^^^^^
[rank7]:   File "/usr/local/lib/python3.12/dist-packages/torch/nn/modules/module.py", line 1786, in _call_impl
[rank7]:     return forward_call(*args, **kwargs)
[rank7]:            ^^^^^^^^^^^^^^^^^^^^^^^^^^^^^
[rank7]:   File "/usr/local/lib/python3.12/dist-packages/torch/_dynamo/eval_frame.py", line 832, in compile_wrapper
[rank7]:     return fn(*args, **kwargs)
[rank7]:            ^^^^^^^^^^^^^^^^^^^
[rank7]:   File "/usr/local/lib/python3.12/dist-packages/torch/nn/modules/module.py", line 1775, in _wrapped_call_impl
[rank7]:     return self._call_impl(*args, **kwargs)
[rank7]:            ^^^^^^^^^^^^^^^^^^^^^^^^^^^^^^^^
[rank7]:   File "/usr/local/lib/python3.12/dist-packages/torch/nn/modules/module.py", line 1786, in _call_impl
[rank7]:     return forward_call(*args, **kwargs)
[rank7]:            ^^^^^^^^^^^^^^^^^^^^^^^^^^^^^
[rank7]:   File "/usr/local/lib/python3.12/dist-packages/torch/_dynamo/convert_frame.py", line 1869, in __call__
[rank7]:     return hijacked_callback(
[rank7]:            ^^^^^^^^^^^^^^^^^^
[rank7]:   File "/usr/local/lib/python3.12/dist-packages/torch/_dynamo/convert_frame.py", line 688, in __call__
[rank7]:     result = _compile(
[rank7]:              ^^^^^^^^^
[rank7]:   File "/usr/local/lib/python3.12/dist-packages/torch/_dynamo/convert_frame.py", line 1434, in _compile
[rank7]:     guarded_code, tracer_output = compile_inner(code, one_graph, hooks)
[rank7]:                                   ^^^^^^^^^^^^^^^^^^^^^^^^^^^^^^^^^^^^^
[rank7]:   File "/usr/local/lib/python3.12/dist-packages/torch/_utils_internal.py", line 92, in wrapper_function
[rank7]:     return function(*args, **kwargs)
[rank7]:            ^^^^^^^^^^^^^^^^^^^^^^^^^
[rank7]:   File "/usr/local/lib/python3.12/dist-packages/torch/_dynamo/convert_frame.py", line 1117, in compile_inner
[rank7]:     return _compile_inner(code, one_graph, hooks)
[rank7]:            ^^^^^^^^^^^^^^^^^^^^^^^^^^^^^^^^^^^^^^
[rank7]:   File "/usr/local/lib/python3.12/dist-packages/torch/_dynamo/convert_frame.py", line 1151, in _compile_inner
[rank7]:     dynamo_output = compile_frame(
[rank7]:                     ^^^^^^^^^^^^^^
[rank7]:   File "/usr/local/lib/python3.12/dist-packages/torch/_dynamo/convert_frame.py", line 1032, in compile_frame
[rank7]:     bytecode, tracer_output = transform_code_object(code, transform)
[rank7]:                               ^^^^^^^^^^^^^^^^^^^^^^^^^^^^^^^^^^^^^^
[rank7]:   File "/usr/local/lib/python3.12/dist-packages/torch/_dynamo/bytecode_transformation.py", line 1592, in transform_code_object
[rank7]:     tracer_output = transformations(instructions, code_options)
[rank7]:                     ^^^^^^^^^^^^^^^^^^^^^^^^^^^^^^^^^^^^^^^^^^^
[rank7]:   File "/usr/local/lib/python3.12/dist-packages/torch/_dynamo/convert_frame.py", line 1004, in transform
[rank7]:     tracer_output = trace_frame(
[rank7]:                     ^^^^^^^^^^^^
[rank7]:   File "/usr/local/lib/python3.12/dist-packages/torch/_dynamo/convert_frame.py", line 312, in _fn
[rank7]:     return fn(*args, **kwargs)
[rank7]:            ^^^^^^^^^^^^^^^^^^^
[rank7]:   File "/usr/local/lib/python3.12/dist-packages/torch/_dynamo/convert_frame.py", line 815, in trace_frame
[rank7]:     run_tracer()
[rank7]:   File "/usr/local/lib/python3.12/dist-packages/torch/_dynamo/convert_frame.py", line 797, in run_tracer
[rank7]:     tracer.run()
[rank7]:   File "/usr/local/lib/python3.12/dist-packages/torch/_dynamo/symbolic_convert.py", line 1500, in run
[rank7]:     while self.step():
[rank7]:           ^^^^^^^^^^^
[rank7]:   File "/usr/local/lib/python3.12/dist-packages/torch/_dynamo/symbolic_convert.py", line 1348, in step
[rank7]:     self.dispatch_table[inst.opcode](self, inst)
[rank7]:   File "/usr/local/lib/python3.12/dist-packages/torch/_dynamo/symbolic_convert.py", line 904, in wrapper
[rank7]:     return inner_fn(self, inst)
[rank7]:            ^^^^^^^^^^^^^^^^^^^^
[rank7]:   File "/usr/local/lib/python3.12/dist-packages/torch/_dynamo/symbolic_convert.py", line 3428, in CALL
[rank7]:     self._call(inst)
[rank7]:   File "/usr/local/lib/python3.12/dist-packages/torch/_dynamo/symbolic_convert.py", line 3422, in _call
[rank7]:     self.call_function(fn, args, kwargs)
[rank7]:   File "/usr/local/lib/python3.12/dist-packages/torch/_dynamo/symbolic_convert.py", line 1266, in call_function
[rank7]:     self.push(fn.call_function(self, args, kwargs))  # type: ignore[arg-type]
[rank7]:               ^^^^^^^^^^^^^^^^^^^^^^^^^^^^^^^^^^^^
[rank7]:   File "/usr/local/lib/python3.12/dist-packages/torch/_dynamo/variables/lazy.py", line 212, in realize_and_forward
[rank7]:     return getattr(self.realize(), name)(*args, **kwargs)
[rank7]:            ^^^^^^^^^^^^^^^^^^^^^^^^^^^^^^^^^^^^^^^^^^^^^^
[rank7]:   File "/usr/local/lib/python3.12/dist-packages/torch/_dynamo/variables/nn_module.py", line 1010, in call_function
[rank7]:     return variables.UserFunctionVariable(fn, source=source).call_function(
[rank7]:            ^^^^^^^^^^^^^^^^^^^^^^^^^^^^^^^^^^^^^^^^^^^^^^^^^^^^^^^^^^^^^^^^
[rank7]:   File "/usr/local/lib/python3.12/dist-packages/torch/_dynamo/variables/functions.py", line 598, in call_function
[rank7]:     return super().call_function(tx, args, kwargs)
[rank7]:            ^^^^^^^^^^^^^^^^^^^^^^^^^^^^^^^^^^^^^^^
[rank7]:   File "/usr/local/lib/python3.12/dist-packages/torch/_dynamo/variables/functions.py", line 342, in call_function
[rank7]:     return tx.inline_user_function_return(self, [*self.self_args(), *args], kwargs)
[rank7]:            ^^^^^^^^^^^^^^^^^^^^^^^^^^^^^^^^^^^^^^^^^^^^^^^^^^^^^^^^^^^^^^^^^^^^^^^^
[rank7]:   File "/usr/local/lib/python3.12/dist-packages/torch/_dynamo/symbolic_convert.py", line 1288, in inline_user_function_return
[rank7]:     return InliningInstructionTranslator.inline_call(self, fn, args, kwargs)
[rank7]:            ^^^^^^^^^^^^^^^^^^^^^^^^^^^^^^^^^^^^^^^^^^^^^^^^^^^^^^^^^^^^^^^^^
[rank7]:   File "/usr/local/lib/python3.12/dist-packages/torch/_dynamo/symbolic_convert.py", line 4129, in inline_call
[rank7]:     return tracer.inline_call_()
[rank7]:            ^^^^^^^^^^^^^^^^^^^^^
[rank7]:   File "/usr/local/lib/python3.12/dist-packages/torch/_dynamo/symbolic_convert.py", line 4332, in inline_call_
[rank7]:     self.run()
[rank7]:   File "/usr/local/lib/python3.12/dist-packages/torch/_dynamo/symbolic_convert.py", line 1500, in run
[rank7]:     while self.step():
[rank7]:           ^^^^^^^^^^^
[rank7]:   File "/usr/local/lib/python3.12/dist-packages/torch/_dynamo/symbolic_convert.py", line 1348, in step
[rank7]:     self.dispatch_table[inst.opcode](self, inst)
[rank7]:   File "/usr/local/lib/python3.12/dist-packages/torch/_dynamo/symbolic_convert.py", line 904, in wrapper
[rank7]:     return inner_fn(self, inst)
[rank7]:            ^^^^^^^^^^^^^^^^^^^^
[rank7]:   File "/usr/local/lib/python3.12/dist-packages/torch/_dynamo/symbolic_convert.py", line 3428, in CALL
[rank7]:     self._call(inst)
[rank7]:   File "/usr/local/lib/python3.12/dist-packages/torch/_dynamo/symbolic_convert.py", line 3422, in _call
[rank7]:     self.call_function(fn, args, kwargs)
[rank7]:   File "/usr/local/lib/python3.12/dist-packages/torch/_dynamo/symbolic_convert.py", line 1266, in call_function
[rank7]:     self.push(fn.call_function(self, args, kwargs))  # type: ignore[arg-type]
[rank7]:               ^^^^^^^^^^^^^^^^^^^^^^^^^^^^^^^^^^^^
[rank7]:   File "/usr/local/lib/python3.12/dist-packages/torch/_dynamo/variables/lazy.py", line 212, in realize_and_forward
[rank7]:     return getattr(self.realize(), name)(*args, **kwargs)
[rank7]:            ^^^^^^^^^^^^^^^^^^^^^^^^^^^^^^^^^^^^^^^^^^^^^^
[rank7]:   File "/usr/local/lib/python3.12/dist-packages/torch/_dynamo/variables/nn_module.py", line 1010, in call_function
[rank7]:     return variables.UserFunctionVariable(fn, source=source).call_function(
[rank7]:            ^^^^^^^^^^^^^^^^^^^^^^^^^^^^^^^^^^^^^^^^^^^^^^^^^^^^^^^^^^^^^^^^
[rank7]:   File "/usr/local/lib/python3.12/dist-packages/torch/_dynamo/variables/functions.py", line 598, in call_function
[rank7]:     return super().call_function(tx, args, kwargs)
[rank7]:            ^^^^^^^^^^^^^^^^^^^^^^^^^^^^^^^^^^^^^^^
[rank7]:   File "/usr/local/lib/python3.12/dist-packages/torch/_dynamo/variables/functions.py", line 342, in call_function
[rank7]:     return tx.inline_user_function_return(self, [*self.self_args(), *args], kwargs)
[rank7]:            ^^^^^^^^^^^^^^^^^^^^^^^^^^^^^^^^^^^^^^^^^^^^^^^^^^^^^^^^^^^^^^^^^^^^^^^^
[rank7]:   File "/usr/local/lib/python3.12/dist-packages/torch/_dynamo/symbolic_convert.py", line 1288, in inline_user_function_return
[rank7]:     return InliningInstructionTranslator.inline_call(self, fn, args, kwargs)
[rank7]:            ^^^^^^^^^^^^^^^^^^^^^^^^^^^^^^^^^^^^^^^^^^^^^^^^^^^^^^^^^^^^^^^^^
[rank7]:   File "/usr/local/lib/python3.12/dist-packages/torch/_dynamo/symbolic_convert.py", line 4129, in inline_call
[rank7]:     return tracer.inline_call_()
[rank7]:            ^^^^^^^^^^^^^^^^^^^^^
[rank7]:   File "/usr/local/lib/python3.12/dist-packages/torch/_dynamo/symbolic_convert.py", line 4332, in inline_call_
[rank7]:     self.run()
[rank7]:   File "/usr/local/lib/python3.12/dist-packages/torch/_dynamo/symbolic_convert.py", line 1500, in run
[rank7]:     while self.step():
[rank7]:           ^^^^^^^^^^^
[rank7]:   File "/usr/local/lib/python3.12/dist-packages/torch/_dynamo/symbolic_convert.py", line 1348, in step
[rank7]:     self.dispatch_table[inst.opcode](self, inst)
[rank7]:   File "/usr/local/lib/python3.12/dist-packages/torch/_dynamo/symbolic_convert.py", line 904, in wrapper
[rank7]:     return inner_fn(self, inst)
[rank7]:            ^^^^^^^^^^^^^^^^^^^^
[rank7]:   File "/usr/local/lib/python3.12/dist-packages/torch/_dynamo/symbolic_convert.py", line 3428, in CALL
[rank7]:     self._call(inst)
[rank7]:   File "/usr/local/lib/python3.12/dist-packages/torch/_dynamo/symbolic_convert.py", line 3422, in _call
[rank7]:     self.call_function(fn, args, kwargs)
[rank7]:   File "/usr/local/lib/python3.12/dist-packages/torch/_dynamo/symbolic_convert.py", line 1266, in call_function
[rank7]:     self.push(fn.call_function(self, args, kwargs))  # type: ignore[arg-type]
[rank7]:               ^^^^^^^^^^^^^^^^^^^^^^^^^^^^^^^^^^^^
[rank7]:   File "/usr/local/lib/python3.12/dist-packages/torch/_dynamo/variables/lazy.py", line 212, in realize_and_forward
[rank7]:     return getattr(self.realize(), name)(*args, **kwargs)
[rank7]:            ^^^^^^^^^^^^^^^^^^^^^^^^^^^^^^^^^^^^^^^^^^^^^^
[rank7]:   File "/usr/local/lib/python3.12/dist-packages/torch/_dynamo/variables/functions.py", line 598, in call_function
[rank7]:     return super().call_function(tx, args, kwargs)
[rank7]:            ^^^^^^^^^^^^^^^^^^^^^^^^^^^^^^^^^^^^^^^
[rank7]:   File "/usr/local/lib/python3.12/dist-packages/torch/_dynamo/variables/functions.py", line 342, in call_function
[rank7]:     return tx.inline_user_function_return(self, [*self.self_args(), *args], kwargs)
[rank7]:            ^^^^^^^^^^^^^^^^^^^^^^^^^^^^^^^^^^^^^^^^^^^^^^^^^^^^^^^^^^^^^^^^^^^^^^^^
[rank7]:   File "/usr/local/lib/python3.12/dist-packages/torch/_dynamo/symbolic_convert.py", line 1288, in inline_user_function_return
[rank7]:     return InliningInstructionTranslator.inline_call(self, fn, args, kwargs)
[rank7]:            ^^^^^^^^^^^^^^^^^^^^^^^^^^^^^^^^^^^^^^^^^^^^^^^^^^^^^^^^^^^^^^^^^
[rank7]:   File "/usr/local/lib/python3.12/dist-packages/torch/_dynamo/symbolic_convert.py", line 4129, in inline_call
[rank7]:     return tracer.inline_call_()
[rank7]:            ^^^^^^^^^^^^^^^^^^^^^
[rank7]:   File "/usr/local/lib/python3.12/dist-packages/torch/_dynamo/symbolic_convert.py", line 4332, in inline_call_
[rank7]:     self.run()
[rank7]:   File "/usr/local/lib/python3.12/dist-packages/torch/_dynamo/symbolic_convert.py", line 1500, in run
[rank7]:     while self.step():
[rank7]:           ^^^^^^^^^^^
[rank7]:   File "/usr/local/lib/python3.12/dist-packages/torch/_dynamo/symbolic_convert.py", line 1348, in step
[rank7]:     self.dispatch_table[inst.opcode](self, inst)
[rank7]:   File "/usr/local/lib/python3.12/dist-packages/torch/_dynamo/symbolic_convert.py", line 3368, in BINARY_OP
[rank7]:     return _binary_op_lookup[inst.arg](self, inst)
[rank7]:            ^^^^^^^^^^^^^^^^^^^^^^^^^^^^^^^^^^^^^^^
[rank7]:   File "/usr/local/lib/python3.12/dist-packages/torch/_dynamo/symbolic_convert.py", line 462, in impl
[rank7]:     self.push(fn_var.call_function(self, self.popn(nargs), {}))
[rank7]:               ^^^^^^^^^^^^^^^^^^^^^^^^^^^^^^^^^^^^^^^^^^^^^^^^
[rank7]:   File "/usr/local/lib/python3.12/dist-packages/torch/_dynamo/variables/builtin.py", line 1347, in call_function
[rank7]:     return handler(tx, args, kwargs)
[rank7]:            ^^^^^^^^^^^^^^^^^^^^^^^^^
[rank7]:   File "/usr/local/lib/python3.12/dist-packages/torch/_dynamo/variables/builtin.py", line 1307, in _handle_insert_op_in_graph
[rank7]:     return wrap_fx_proxy(tx, proxy)
[rank7]:            ^^^^^^^^^^^^^^^^^^^^^^^^
[rank7]:   File "/usr/local/lib/python3.12/dist-packages/torch/_dynamo/variables/builder.py", line 2645, in wrap_fx_proxy
[rank7]:     return wrap_fx_proxy_cls(target_cls=TensorVariable, **kwargs)
[rank7]:            ^^^^^^^^^^^^^^^^^^^^^^^^^^^^^^^^^^^^^^^^^^^^^^^^^^^^^^
[rank7]:   File "/usr/local/lib/python3.12/dist-packages/torch/_dynamo/variables/builder.py", line 2711, in wrap_fx_proxy_cls
[rank7]:     return _wrap_fx_proxy(
[rank7]:            ^^^^^^^^^^^^^^^
[rank7]:   File "/usr/local/lib/python3.12/dist-packages/torch/_dynamo/variables/builder.py", line 2809, in _wrap_fx_proxy
[rank7]:     example_value = get_fake_value(proxy.node, tx, allow_non_graph_fake=True)
[rank7]:                     ^^^^^^^^^^^^^^^^^^^^^^^^^^^^^^^^^^^^^^^^^^^^^^^^^^^^^^^^^
[rank7]:   File "/usr/local/lib/python3.12/dist-packages/torch/_dynamo/utils.py", line 3478, in get_fake_value
[rank7]:     raise TorchRuntimeError(str(e)).with_traceback(e.__traceback__) from None
[rank7]:   File "/usr/local/lib/python3.12/dist-packages/torch/_dynamo/utils.py", line 3376, in get_fake_value
[rank7]:     ret_val = wrap_fake_exception(
[rank7]:               ^^^^^^^^^^^^^^^^^^^^
[rank7]:   File "/usr/local/lib/python3.12/dist-packages/torch/_dynamo/utils.py", line 2864, in wrap_fake_exception
[rank7]:     return fn()
[rank7]:            ^^^^
[rank7]:   File "/usr/local/lib/python3.12/dist-packages/torch/_dynamo/utils.py", line 3377, in <lambda>
[rank7]:     lambda: run_node(tx.output, node, args, kwargs, nnmodule)
[rank7]:             ^^^^^^^^^^^^^^^^^^^^^^^^^^^^^^^^^^^^^^^^^^^^^^^^^
[rank7]:   File "/usr/local/lib/python3.12/dist-packages/torch/_dynamo/utils.py", line 3587, in run_node
[rank7]:     raise RuntimeError(make_error_message(e)).with_traceback(
[rank7]:   File "/usr/local/lib/python3.12/dist-packages/torch/_dynamo/utils.py", line 3546, in run_node
[rank7]:     return node.target(*args, **kwargs)  # type: ignore[operator]
[rank7]:            ^^^^^^^^^^^^^^^^^^^^^^^^^^^^
[rank7]:   File "/usr/local/lib/python3.12/dist-packages/torch/utils/_stats.py", line 28, in wrapper
[rank7]:     return fn(*args, **kwargs)
[rank7]:            ^^^^^^^^^^^^^^^^^^^
[rank7]:   File "/usr/local/lib/python3.12/dist-packages/torch/_subclasses/fake_tensor.py", line 1376, in __torch_dispatch__
[rank7]:     return self.dispatch(func, types, args, kwargs)
[rank7]:            ^^^^^^^^^^^^^^^^^^^^^^^^^^^^^^^^^^^^^^^^
[rank7]:   File "/usr/local/lib/python3.12/dist-packages/torch/_subclasses/fake_tensor.py", line 2096, in dispatch
[rank7]:     return self._cached_dispatch_impl(func, types, args, kwargs)
[rank7]:            ^^^^^^^^^^^^^^^^^^^^^^^^^^^^^^^^^^^^^^^^^^^^^^^^^^^^^
[rank7]:   File "/usr/local/lib/python3.12/dist-packages/torch/_subclasses/fake_tensor.py", line 1511, in _cached_dispatch_impl
[rank7]:     output = self._dispatch_impl(func, types, args, kwargs)
[rank7]:              ^^^^^^^^^^^^^^^^^^^^^^^^^^^^^^^^^^^^^^^^^^^^^^
[rank7]:   File "/usr/local/lib/python3.12/dist-packages/torch/_subclasses/fake_tensor.py", line 2755, in _dispatch_impl
[rank7]:     r = func(*args, **kwargs)
[rank7]:         ^^^^^^^^^^^^^^^^^^^^^
[rank7]:   File "/usr/local/lib/python3.12/dist-packages/torch/_ops.py", line 841, in __call__
[rank7]:     return self._op(*args, **kwargs)
[rank7]:            ^^^^^^^^^^^^^^^^^^^^^^^^^
[rank7]:   File "/usr/local/lib/python3.12/dist-packages/torch/_prims_common/wrappers.py", line 309, in _fn
[rank7]:     result = fn(*args, **kwargs)
[rank7]:              ^^^^^^^^^^^^^^^^^^^
[rank7]:   File "/usr/local/lib/python3.12/dist-packages/torch/_compile.py", line 53, in inner
[rank7]:     return disable_fn(*args, **kwargs)
[rank7]:            ^^^^^^^^^^^^^^^^^^^^^^^^^^^
[rank7]:   File "/usr/local/lib/python3.12/dist-packages/torch/_dynamo/eval_frame.py", line 1044, in _fn
[rank7]:     return fn(*args, **kwargs)
[rank7]:            ^^^^^^^^^^^^^^^^^^^
[rank7]:   File "/usr/local/lib/python3.12/dist-packages/torch/_prims_common/wrappers.py", line 149, in _fn
[rank7]:     result = fn(**bound.arguments)
[rank7]:              ^^^^^^^^^^^^^^^^^^^^^
[rank7]:   File "/usr/local/lib/python3.12/dist-packages/torch/_refs/__init__.py", line 1138, in _ref
[rank7]:     a, b = _maybe_broadcast(a, b)
[rank7]:            ^^^^^^^^^^^^^^^^^^^^^^
[rank7]:   File "/usr/local/lib/python3.12/dist-packages/torch/_refs/__init__.py", line 448, in _maybe_broadcast
[rank7]:     common_shape = _broadcast_shapes(
[rank7]:                    ^^^^^^^^^^^^^^^^^^
[rank7]:   File "/usr/local/lib/python3.12/dist-packages/torch/_refs/__init__.py", line 436, in _broadcast_shapes
[rank7]:     torch._check(
[rank7]:   File "/usr/local/lib/python3.12/dist-packages/torch/__init__.py", line 1695, in _check
[rank7]:     _check_with(RuntimeError, cond, message)
[rank7]:   File "/usr/local/lib/python3.12/dist-packages/torch/__init__.py", line 1677, in _check_with
[rank7]:     raise error_type(message_evaluated)
[rank7]: torch._dynamo.exc.TorchRuntimeError: Dynamo failed to run FX node with fake tensors: call_function <built-in function mul>(*(FakeTensor(..., device='cuda:7', size=(32, 2048, 8, 32), dtype=torch.bfloat16,
[rank7]:            grad_fn=<SliceBackward0>), FakeTensor(..., device='cuda:7', size=(1, 1, 2048, 32), dtype=torch.bfloat16)), **{}): got RuntimeError('Attempting to broadcast a dimension of length 2048 at -2! Mismatching argument at index 1 had torch.Size([1, 1, 2048, 32]); but expected shape should be broadcastable to [32, 2048, 8, 32]')

[rank7]: from user code:
[rank7]:    File "/workspace/parameter-golf/train_gpt_v8_xsa_ema.py", line 838, in forward
[rank7]:     x = self.blocks[i](x, x0)
[rank7]:   File "/workspace/parameter-golf/train_gpt_v8_xsa_ema.py", line 751, in forward
[rank7]:     attn_out = self.attn(self.attn_norm(x))
[rank7]:   File "/workspace/parameter-golf/train_gpt_v8_xsa_ema.py", line 654, in forward
[rank7]:     q = apply_rotary_emb(q, cos, sin)
[rank7]:   File "/workspace/parameter-golf/train_gpt_v8_xsa_ema.py", line 604, in apply_rotary_emb
[rank7]:     return torch.cat((x1 * cos + x2 * sin, x1 * (-sin) + x2 * cos), dim=-1)

[rank7]: Set TORCHDYNAMO_VERBOSE=1 for the internal stack trace (please do this especially if you're reporting a bug to PyTorch). For even more developer context, set TORCH_LOGS="+dynamo"

[rank0]:E0321 03:30:29.530000 395322 torch/_subclasses/fake_tensor.py:2759] [0/0] failed while attempting to run meta for aten.mul.Tensor
[rank0]:E0321 03:30:29.530000 395322 torch/_subclasses/fake_tensor.py:2759] [0/0] Traceback (most recent call last):
[rank0]:E0321 03:30:29.530000 395322 torch/_subclasses/fake_tensor.py:2759] [0/0]   File "/usr/local/lib/python3.12/dist-packages/torch/_subclasses/fake_tensor.py", line 2755, in _dispatch_impl
[rank0]:E0321 03:30:29.530000 395322 torch/_subclasses/fake_tensor.py:2759] [0/0]     r = func(*args, **kwargs)
[rank0]:E0321 03:30:29.530000 395322 torch/_subclasses/fake_tensor.py:2759] [0/0]         ^^^^^^^^^^^^^^^^^^^^^
[rank0]:E0321 03:30:29.530000 395322 torch/_subclasses/fake_tensor.py:2759] [0/0]   File "/usr/local/lib/python3.12/dist-packages/torch/_ops.py", line 841, in __call__
[rank0]:E0321 03:30:29.530000 395322 torch/_subclasses/fake_tensor.py:2759] [0/0]     return self._op(*args, **kwargs)
[rank0]:E0321 03:30:29.530000 395322 torch/_subclasses/fake_tensor.py:2759] [0/0]            ^^^^^^^^^^^^^^^^^^^^^^^^^
[rank0]:E0321 03:30:29.530000 395322 torch/_subclasses/fake_tensor.py:2759] [0/0]   File "/usr/local/lib/python3.12/dist-packages/torch/_prims_common/wrappers.py", line 309, in _fn
[rank0]:E0321 03:30:29.530000 395322 torch/_subclasses/fake_tensor.py:2759] [0/0]     result = fn(*args, **kwargs)
[rank0]:E0321 03:30:29.530000 395322 torch/_subclasses/fake_tensor.py:2759] [0/0]              ^^^^^^^^^^^^^^^^^^^
[rank0]:E0321 03:30:29.530000 395322 torch/_subclasses/fake_tensor.py:2759] [0/0]   File "/usr/local/lib/python3.12/dist-packages/torch/_compile.py", line 53, in inner
[rank0]:E0321 03:30:29.530000 395322 torch/_subclasses/fake_tensor.py:2759] [0/0]     return disable_fn(*args, **kwargs)
[rank0]:E0321 03:30:29.530000 395322 torch/_subclasses/fake_tensor.py:2759] [0/0]            ^^^^^^^^^^^^^^^^^^^^^^^^^^^
[rank0]:E0321 03:30:29.530000 395322 torch/_subclasses/fake_tensor.py:2759] [0/0]   File "/usr/local/lib/python3.12/dist-packages/torch/_dynamo/eval_frame.py", line 1044, in _fn
[rank0]:E0321 03:30:29.530000 395322 torch/_subclasses/fake_tensor.py:2759] [0/0]     return fn(*args, **kwargs)
[rank0]:E0321 03:30:29.530000 395322 torch/_subclasses/fake_tensor.py:2759] [0/0]            ^^^^^^^^^^^^^^^^^^^
[rank0]:E0321 03:30:29.530000 395322 torch/_subclasses/fake_tensor.py:2759] [0/0]   File "/usr/local/lib/python3.12/dist-packages/torch/_prims_common/wrappers.py", line 149, in _fn
[rank0]:E0321 03:30:29.530000 395322 torch/_subclasses/fake_tensor.py:2759] [0/0]     result = fn(**bound.arguments)
[rank0]:E0321 03:30:29.530000 395322 torch/_subclasses/fake_tensor.py:2759] [0/0]              ^^^^^^^^^^^^^^^^^^^^^
[rank0]:E0321 03:30:29.530000 395322 torch/_subclasses/fake_tensor.py:2759] [0/0]   File "/usr/local/lib/python3.12/dist-packages/torch/_refs/__init__.py", line 1138, in _ref
[rank0]:E0321 03:30:29.530000 395322 torch/_subclasses/fake_tensor.py:2759] [0/0]     a, b = _maybe_broadcast(a, b)
[rank0]:E0321 03:30:29.530000 395322 torch/_subclasses/fake_tensor.py:2759] [0/0]            ^^^^^^^^^^^^^^^^^^^^^^
[rank0]:E0321 03:30:29.530000 395322 torch/_subclasses/fake_tensor.py:2759] [0/0]   File "/usr/local/lib/python3.12/dist-packages/torch/_refs/__init__.py", line 448, in _maybe_broadcast
[rank0]:E0321 03:30:29.530000 395322 torch/_subclasses/fake_tensor.py:2759] [0/0]     common_shape = _broadcast_shapes(
[rank0]:E0321 03:30:29.530000 395322 torch/_subclasses/fake_tensor.py:2759] [0/0]                    ^^^^^^^^^^^^^^^^^^
[rank0]:E0321 03:30:29.530000 395322 torch/_subclasses/fake_tensor.py:2759] [0/0]   File "/usr/local/lib/python3.12/dist-packages/torch/_refs/__init__.py", line 436, in _broadcast_shapes
[rank0]:E0321 03:30:29.530000 395322 torch/_subclasses/fake_tensor.py:2759] [0/0]     torch._check(
[rank0]:E0321 03:30:29.530000 395322 torch/_subclasses/fake_tensor.py:2759] [0/0]   File "/usr/local/lib/python3.12/dist-packages/torch/__init__.py", line 1695, in _check
[rank0]:E0321 03:30:29.530000 395322 torch/_subclasses/fake_tensor.py:2759] [0/0]     _check_with(RuntimeError, cond, message)
[rank0]:E0321 03:30:29.530000 395322 torch/_subclasses/fake_tensor.py:2759] [0/0]   File "/usr/local/lib/python3.12/dist-packages/torch/__init__.py", line 1677, in _check_with
[rank0]:E0321 03:30:29.530000 395322 torch/_subclasses/fake_tensor.py:2759] [0/0]     raise error_type(message_evaluated)
[rank0]:E0321 03:30:29.530000 395322 torch/_subclasses/fake_tensor.py:2759] [0/0] RuntimeError: Attempting to broadcast a dimension of length 2048 at -2! Mismatching argument at index 1 had torch.Size([1, 1, 2048, 32]); but expected shape should be broadcastable to [32, 2048, 8, 32]
[rank0]: Traceback (most recent call last):
[rank0]:   File "/workspace/parameter-golf/train_gpt_v8_xsa_ema.py", line 1432, in <module>
[rank0]:     main()
[rank0]:   File "/workspace/parameter-golf/train_gpt_v8_xsa_ema.py", line 1186, in main
[rank0]:     warmup_loss = model(x, y)
[rank0]:                   ^^^^^^^^^^^
[rank0]:   File "/usr/local/lib/python3.12/dist-packages/torch/nn/modules/module.py", line 1775, in _wrapped_call_impl
[rank0]:     return self._call_impl(*args, **kwargs)
[rank0]:            ^^^^^^^^^^^^^^^^^^^^^^^^^^^^^^^^
[rank0]:   File "/usr/local/lib/python3.12/dist-packages/torch/nn/modules/module.py", line 1786, in _call_impl
[rank0]:     return forward_call(*args, **kwargs)
[rank0]:            ^^^^^^^^^^^^^^^^^^^^^^^^^^^^^
[rank0]:   File "/usr/local/lib/python3.12/dist-packages/torch/nn/parallel/distributed.py", line 1661, in forward
[rank0]:     else self._run_ddp_forward(*inputs, **kwargs)
[rank0]:          ^^^^^^^^^^^^^^^^^^^^^^^^^^^^^^^^^^^^^^^^
[rank0]:   File "/usr/local/lib/python3.12/dist-packages/torch/nn/parallel/distributed.py", line 1487, in _run_ddp_forward
[rank0]:     return self.module(*inputs, **kwargs)  # type: ignore[index]
[rank0]:            ^^^^^^^^^^^^^^^^^^^^^^^^^^^^^^
[rank0]:   File "/usr/local/lib/python3.12/dist-packages/torch/_dynamo/eval_frame.py", line 414, in __call__
[rank0]:     return super().__call__(*args, **kwargs)
[rank0]:            ^^^^^^^^^^^^^^^^^^^^^^^^^^^^^^^^^
[rank0]:   File "/usr/local/lib/python3.12/dist-packages/torch/nn/modules/module.py", line 1775, in _wrapped_call_impl
[rank0]:     return self._call_impl(*args, **kwargs)
[rank0]:            ^^^^^^^^^^^^^^^^^^^^^^^^^^^^^^^^
[rank0]:   File "/usr/local/lib/python3.12/dist-packages/torch/nn/modules/module.py", line 1786, in _call_impl
[rank0]:     return forward_call(*args, **kwargs)
[rank0]:            ^^^^^^^^^^^^^^^^^^^^^^^^^^^^^
[rank0]:   File "/usr/local/lib/python3.12/dist-packages/torch/_dynamo/eval_frame.py", line 832, in compile_wrapper
[rank0]:     return fn(*args, **kwargs)
[rank0]:            ^^^^^^^^^^^^^^^^^^^
[rank0]:   File "/usr/local/lib/python3.12/dist-packages/torch/nn/modules/module.py", line 1775, in _wrapped_call_impl
[rank0]:     return self._call_impl(*args, **kwargs)
[rank0]:            ^^^^^^^^^^^^^^^^^^^^^^^^^^^^^^^^
[rank0]:   File "/usr/local/lib/python3.12/dist-packages/torch/nn/modules/module.py", line 1786, in _call_impl
[rank0]:     return forward_call(*args, **kwargs)
[rank0]:            ^^^^^^^^^^^^^^^^^^^^^^^^^^^^^
[rank0]:   File "/usr/local/lib/python3.12/dist-packages/torch/_dynamo/convert_frame.py", line 1869, in __call__
[rank0]:     return hijacked_callback(
[rank0]:            ^^^^^^^^^^^^^^^^^^
[rank0]:   File "/usr/local/lib/python3.12/dist-packages/torch/_dynamo/convert_frame.py", line 688, in __call__
[rank0]:     result = _compile(
[rank0]:              ^^^^^^^^^
[rank0]:   File "/usr/local/lib/python3.12/dist-packages/torch/_dynamo/convert_frame.py", line 1434, in _compile
[rank0]:     guarded_code, tracer_output = compile_inner(code, one_graph, hooks)
[rank0]:                                   ^^^^^^^^^^^^^^^^^^^^^^^^^^^^^^^^^^^^^
[rank0]:   File "/usr/local/lib/python3.12/dist-packages/torch/_utils_internal.py", line 92, in wrapper_function
[rank0]:     return function(*args, **kwargs)
[rank0]:            ^^^^^^^^^^^^^^^^^^^^^^^^^
[rank0]:   File "/usr/local/lib/python3.12/dist-packages/torch/_dynamo/convert_frame.py", line 1117, in compile_inner
[rank0]:     return _compile_inner(code, one_graph, hooks)
[rank0]:            ^^^^^^^^^^^^^^^^^^^^^^^^^^^^^^^^^^^^^^
[rank0]:   File "/usr/local/lib/python3.12/dist-packages/torch/_dynamo/convert_frame.py", line 1151, in _compile_inner
[rank0]:     dynamo_output = compile_frame(
[rank0]:                     ^^^^^^^^^^^^^^
[rank0]:   File "/usr/local/lib/python3.12/dist-packages/torch/_dynamo/convert_frame.py", line 1032, in compile_frame
[rank0]:     bytecode, tracer_output = transform_code_object(code, transform)
[rank0]:                               ^^^^^^^^^^^^^^^^^^^^^^^^^^^^^^^^^^^^^^
[rank0]:   File "/usr/local/lib/python3.12/dist-packages/torch/_dynamo/bytecode_transformation.py", line 1592, in transform_code_object
[rank0]:     tracer_output = transformations(instructions, code_options)
[rank0]:                     ^^^^^^^^^^^^^^^^^^^^^^^^^^^^^^^^^^^^^^^^^^^
[rank0]:   File "/usr/local/lib/python3.12/dist-packages/torch/_dynamo/convert_frame.py", line 1004, in transform
[rank0]:     tracer_output = trace_frame(
[rank0]:                     ^^^^^^^^^^^^
[rank0]:   File "/usr/local/lib/python3.12/dist-packages/torch/_dynamo/convert_frame.py", line 312, in _fn
[rank0]:     return fn(*args, **kwargs)
[rank0]:            ^^^^^^^^^^^^^^^^^^^
[rank0]:   File "/usr/local/lib/python3.12/dist-packages/torch/_dynamo/convert_frame.py", line 815, in trace_frame
[rank0]:     run_tracer()
[rank0]:   File "/usr/local/lib/python3.12/dist-packages/torch/_dynamo/convert_frame.py", line 797, in run_tracer
[rank0]:     tracer.run()
[rank0]:   File "/usr/local/lib/python3.12/dist-packages/torch/_dynamo/symbolic_convert.py", line 1500, in run
[rank0]:     while self.step():
[rank0]:           ^^^^^^^^^^^
[rank0]:   File "/usr/local/lib/python3.12/dist-packages/torch/_dynamo/symbolic_convert.py", line 1348, in step
[rank0]:     self.dispatch_table[inst.opcode](self, inst)
[rank0]:   File "/usr/local/lib/python3.12/dist-packages/torch/_dynamo/symbolic_convert.py", line 904, in wrapper
[rank0]:     return inner_fn(self, inst)
[rank0]:            ^^^^^^^^^^^^^^^^^^^^
[rank0]:   File "/usr/local/lib/python3.12/dist-packages/torch/_dynamo/symbolic_convert.py", line 3428, in CALL
[rank0]:     self._call(inst)
[rank0]:   File "/usr/local/lib/python3.12/dist-packages/torch/_dynamo/symbolic_convert.py", line 3422, in _call
[rank0]:     self.call_function(fn, args, kwargs)
[rank0]:   File "/usr/local/lib/python3.12/dist-packages/torch/_dynamo/symbolic_convert.py", line 1266, in call_function
[rank0]:     self.push(fn.call_function(self, args, kwargs))  # type: ignore[arg-type]
[rank0]:               ^^^^^^^^^^^^^^^^^^^^^^^^^^^^^^^^^^^^
[rank0]:   File "/usr/local/lib/python3.12/dist-packages/torch/_dynamo/variables/lazy.py", line 212, in realize_and_forward
[rank0]:     return getattr(self.realize(), name)(*args, **kwargs)
[rank0]:            ^^^^^^^^^^^^^^^^^^^^^^^^^^^^^^^^^^^^^^^^^^^^^^
[rank0]:   File "/usr/local/lib/python3.12/dist-packages/torch/_dynamo/variables/nn_module.py", line 1010, in call_function
[rank0]:     return variables.UserFunctionVariable(fn, source=source).call_function(
[rank0]:            ^^^^^^^^^^^^^^^^^^^^^^^^^^^^^^^^^^^^^^^^^^^^^^^^^^^^^^^^^^^^^^^^
[rank0]:   File "/usr/local/lib/python3.12/dist-packages/torch/_dynamo/variables/functions.py", line 598, in call_function
[rank0]:     return super().call_function(tx, args, kwargs)
[rank0]:            ^^^^^^^^^^^^^^^^^^^^^^^^^^^^^^^^^^^^^^^
[rank0]:   File "/usr/local/lib/python3.12/dist-packages/torch/_dynamo/variables/functions.py", line 342, in call_function
[rank0]:     return tx.inline_user_function_return(self, [*self.self_args(), *args], kwargs)
[rank0]:            ^^^^^^^^^^^^^^^^^^^^^^^^^^^^^^^^^^^^^^^^^^^^^^^^^^^^^^^^^^^^^^^^^^^^^^^^
[rank0]:   File "/usr/local/lib/python3.12/dist-packages/torch/_dynamo/symbolic_convert.py", line 1288, in inline_user_function_return
[rank0]:     return InliningInstructionTranslator.inline_call(self, fn, args, kwargs)
[rank0]:            ^^^^^^^^^^^^^^^^^^^^^^^^^^^^^^^^^^^^^^^^^^^^^^^^^^^^^^^^^^^^^^^^^
[rank0]:   File "/usr/local/lib/python3.12/dist-packages/torch/_dynamo/symbolic_convert.py", line 4129, in inline_call
[rank0]:     return tracer.inline_call_()
[rank0]:            ^^^^^^^^^^^^^^^^^^^^^
[rank0]:   File "/usr/local/lib/python3.12/dist-packages/torch/_dynamo/symbolic_convert.py", line 4332, in inline_call_
[rank0]:     self.run()
[rank0]:   File "/usr/local/lib/python3.12/dist-packages/torch/_dynamo/symbolic_convert.py", line 1500, in run
[rank0]:     while self.step():
[rank0]:           ^^^^^^^^^^^
[rank0]:   File "/usr/local/lib/python3.12/dist-packages/torch/_dynamo/symbolic_convert.py", line 1348, in step
[rank0]:     self.dispatch_table[inst.opcode](self, inst)
[rank0]:   File "/usr/local/lib/python3.12/dist-packages/torch/_dynamo/symbolic_convert.py", line 904, in wrapper
[rank0]:     return inner_fn(self, inst)
[rank0]:            ^^^^^^^^^^^^^^^^^^^^
[rank0]:   File "/usr/local/lib/python3.12/dist-packages/torch/_dynamo/symbolic_convert.py", line 3428, in CALL
[rank0]:     self._call(inst)
[rank0]:   File "/usr/local/lib/python3.12/dist-packages/torch/_dynamo/symbolic_convert.py", line 3422, in _call
[rank0]:     self.call_function(fn, args, kwargs)
[rank0]:   File "/usr/local/lib/python3.12/dist-packages/torch/_dynamo/symbolic_convert.py", line 1266, in call_function
[rank0]:     self.push(fn.call_function(self, args, kwargs))  # type: ignore[arg-type]
[rank0]:               ^^^^^^^^^^^^^^^^^^^^^^^^^^^^^^^^^^^^
[rank0]:   File "/usr/local/lib/python3.12/dist-packages/torch/_dynamo/variables/lazy.py", line 212, in realize_and_forward
[rank0]:     return getattr(self.realize(), name)(*args, **kwargs)
[rank0]:            ^^^^^^^^^^^^^^^^^^^^^^^^^^^^^^^^^^^^^^^^^^^^^^
[rank0]:   File "/usr/local/lib/python3.12/dist-packages/torch/_dynamo/variables/nn_module.py", line 1010, in call_function
[rank0]:     return variables.UserFunctionVariable(fn, source=source).call_function(
[rank0]:            ^^^^^^^^^^^^^^^^^^^^^^^^^^^^^^^^^^^^^^^^^^^^^^^^^^^^^^^^^^^^^^^^
[rank0]:   File "/usr/local/lib/python3.12/dist-packages/torch/_dynamo/variables/functions.py", line 598, in call_function
[rank0]:     return super().call_function(tx, args, kwargs)
[rank0]:            ^^^^^^^^^^^^^^^^^^^^^^^^^^^^^^^^^^^^^^^
[rank0]:   File "/usr/local/lib/python3.12/dist-packages/torch/_dynamo/variables/functions.py", line 342, in call_function
[rank0]:     return tx.inline_user_function_return(self, [*self.self_args(), *args], kwargs)
[rank0]:            ^^^^^^^^^^^^^^^^^^^^^^^^^^^^^^^^^^^^^^^^^^^^^^^^^^^^^^^^^^^^^^^^^^^^^^^^
[rank0]:   File "/usr/local/lib/python3.12/dist-packages/torch/_dynamo/symbolic_convert.py", line 1288, in inline_user_function_return
[rank0]:     return InliningInstructionTranslator.inline_call(self, fn, args, kwargs)
[rank0]:            ^^^^^^^^^^^^^^^^^^^^^^^^^^^^^^^^^^^^^^^^^^^^^^^^^^^^^^^^^^^^^^^^^
[rank0]:   File "/usr/local/lib/python3.12/dist-packages/torch/_dynamo/symbolic_convert.py", line 4129, in inline_call
[rank0]:     return tracer.inline_call_()
[rank0]:            ^^^^^^^^^^^^^^^^^^^^^
[rank0]:   File "/usr/local/lib/python3.12/dist-packages/torch/_dynamo/symbolic_convert.py", line 4332, in inline_call_
[rank0]:     self.run()
[rank0]:   File "/usr/local/lib/python3.12/dist-packages/torch/_dynamo/symbolic_convert.py", line 1500, in run
[rank0]:     while self.step():
[rank0]:           ^^^^^^^^^^^
[rank0]:   File "/usr/local/lib/python3.12/dist-packages/torch/_dynamo/symbolic_convert.py", line 1348, in step
[rank0]:     self.dispatch_table[inst.opcode](self, inst)
[rank0]:   File "/usr/local/lib/python3.12/dist-packages/torch/_dynamo/symbolic_convert.py", line 904, in wrapper
[rank0]:     return inner_fn(self, inst)
[rank0]:            ^^^^^^^^^^^^^^^^^^^^
[rank0]:   File "/usr/local/lib/python3.12/dist-packages/torch/_dynamo/symbolic_convert.py", line 3428, in CALL
[rank0]:     self._call(inst)
[rank0]:   File "/usr/local/lib/python3.12/dist-packages/torch/_dynamo/symbolic_convert.py", line 3422, in _call
[rank0]:     self.call_function(fn, args, kwargs)
[rank0]:   File "/usr/local/lib/python3.12/dist-packages/torch/_dynamo/symbolic_convert.py", line 1266, in call_function
[rank0]:     self.push(fn.call_function(self, args, kwargs))  # type: ignore[arg-type]
[rank0]:               ^^^^^^^^^^^^^^^^^^^^^^^^^^^^^^^^^^^^
[rank0]:   File "/usr/local/lib/python3.12/dist-packages/torch/_dynamo/variables/lazy.py", line 212, in realize_and_forward
[rank0]:     return getattr(self.realize(), name)(*args, **kwargs)
[rank0]:            ^^^^^^^^^^^^^^^^^^^^^^^^^^^^^^^^^^^^^^^^^^^^^^
[rank0]:   File "/usr/local/lib/python3.12/dist-packages/torch/_dynamo/variables/functions.py", line 598, in call_function
[rank0]:     return super().call_function(tx, args, kwargs)
[rank0]:            ^^^^^^^^^^^^^^^^^^^^^^^^^^^^^^^^^^^^^^^
[rank0]:   File "/usr/local/lib/python3.12/dist-packages/torch/_dynamo/variables/functions.py", line 342, in call_function
[rank0]:     return tx.inline_user_function_return(self, [*self.self_args(), *args], kwargs)
[rank0]:            ^^^^^^^^^^^^^^^^^^^^^^^^^^^^^^^^^^^^^^^^^^^^^^^^^^^^^^^^^^^^^^^^^^^^^^^^
[rank0]:   File "/usr/local/lib/python3.12/dist-packages/torch/_dynamo/symbolic_convert.py", line 1288, in inline_user_function_return
[rank0]:     return InliningInstructionTranslator.inline_call(self, fn, args, kwargs)
[rank0]:            ^^^^^^^^^^^^^^^^^^^^^^^^^^^^^^^^^^^^^^^^^^^^^^^^^^^^^^^^^^^^^^^^^
[rank0]:   File "/usr/local/lib/python3.12/dist-packages/torch/_dynamo/symbolic_convert.py", line 4129, in inline_call
[rank0]:     return tracer.inline_call_()
[rank0]:            ^^^^^^^^^^^^^^^^^^^^^
[rank0]:   File "/usr/local/lib/python3.12/dist-packages/torch/_dynamo/symbolic_convert.py", line 4332, in inline_call_
[rank0]:     self.run()
[rank0]:   File "/usr/local/lib/python3.12/dist-packages/torch/_dynamo/symbolic_convert.py", line 1500, in run
[rank0]:     while self.step():
[rank0]:           ^^^^^^^^^^^
[rank0]:   File "/usr/local/lib/python3.12/dist-packages/torch/_dynamo/symbolic_convert.py", line 1348, in step
[rank0]:     self.dispatch_table[inst.opcode](self, inst)
[rank0]:   File "/usr/local/lib/python3.12/dist-packages/torch/_dynamo/symbolic_convert.py", line 3368, in BINARY_OP
[rank0]:     return _binary_op_lookup[inst.arg](self, inst)
[rank0]:            ^^^^^^^^^^^^^^^^^^^^^^^^^^^^^^^^^^^^^^^
[rank0]:   File "/usr/local/lib/python3.12/dist-packages/torch/_dynamo/symbolic_convert.py", line 462, in impl
[rank0]:     self.push(fn_var.call_function(self, self.popn(nargs), {}))
[rank0]:               ^^^^^^^^^^^^^^^^^^^^^^^^^^^^^^^^^^^^^^^^^^^^^^^^
[rank0]:   File "/usr/local/lib/python3.12/dist-packages/torch/_dynamo/variables/builtin.py", line 1347, in call_function
[rank0]:     return handler(tx, args, kwargs)
[rank0]:            ^^^^^^^^^^^^^^^^^^^^^^^^^
[rank0]:   File "/usr/local/lib/python3.12/dist-packages/torch/_dynamo/variables/builtin.py", line 1307, in _handle_insert_op_in_graph
[rank0]:     return wrap_fx_proxy(tx, proxy)
[rank0]:            ^^^^^^^^^^^^^^^^^^^^^^^^
[rank0]:   File "/usr/local/lib/python3.12/dist-packages/torch/_dynamo/variables/builder.py", line 2645, in wrap_fx_proxy
[rank0]:     return wrap_fx_proxy_cls(target_cls=TensorVariable, **kwargs)
[rank0]:            ^^^^^^^^^^^^^^^^^^^^^^^^^^^^^^^^^^^^^^^^^^^^^^^^^^^^^^
[rank0]:   File "/usr/local/lib/python3.12/dist-packages/torch/_dynamo/variables/builder.py", line 2711, in wrap_fx_proxy_cls
[rank0]:     return _wrap_fx_proxy(
[rank0]:            ^^^^^^^^^^^^^^^
[rank0]:   File "/usr/local/lib/python3.12/dist-packages/torch/_dynamo/variables/builder.py", line 2809, in _wrap_fx_proxy
[rank0]:     example_value = get_fake_value(proxy.node, tx, allow_non_graph_fake=True)
[rank0]:                     ^^^^^^^^^^^^^^^^^^^^^^^^^^^^^^^^^^^^^^^^^^^^^^^^^^^^^^^^^
[rank0]:   File "/usr/local/lib/python3.12/dist-packages/torch/_dynamo/utils.py", line 3478, in get_fake_value
[rank0]:     raise TorchRuntimeError(str(e)).with_traceback(e.__traceback__) from None
[rank0]:   File "/usr/local/lib/python3.12/dist-packages/torch/_dynamo/utils.py", line 3376, in get_fake_value
[rank0]:     ret_val = wrap_fake_exception(
[rank0]:               ^^^^^^^^^^^^^^^^^^^^
[rank0]:   File "/usr/local/lib/python3.12/dist-packages/torch/_dynamo/utils.py", line 2864, in wrap_fake_exception
[rank0]:     return fn()
[rank0]:            ^^^^
[rank0]:   File "/usr/local/lib/python3.12/dist-packages/torch/_dynamo/utils.py", line 3377, in <lambda>
[rank0]:     lambda: run_node(tx.output, node, args, kwargs, nnmodule)
[rank0]:             ^^^^^^^^^^^^^^^^^^^^^^^^^^^^^^^^^^^^^^^^^^^^^^^^^
[rank0]:   File "/usr/local/lib/python3.12/dist-packages/torch/_dynamo/utils.py", line 3587, in run_node
[rank0]:     raise RuntimeError(make_error_message(e)).with_traceback(
[rank0]:   File "/usr/local/lib/python3.12/dist-packages/torch/_dynamo/utils.py", line 3546, in run_node
[rank0]:     return node.target(*args, **kwargs)  # type: ignore[operator]
[rank0]:            ^^^^^^^^^^^^^^^^^^^^^^^^^^^^
[rank0]:   File "/usr/local/lib/python3.12/dist-packages/torch/utils/_stats.py", line 28, in wrapper
[rank0]:     return fn(*args, **kwargs)
[rank0]:            ^^^^^^^^^^^^^^^^^^^
[rank0]:   File "/usr/local/lib/python3.12/dist-packages/torch/_subclasses/fake_tensor.py", line 1376, in __torch_dispatch__
[rank0]:     return self.dispatch(func, types, args, kwargs)
[rank0]:            ^^^^^^^^^^^^^^^^^^^^^^^^^^^^^^^^^^^^^^^^
[rank0]:   File "/usr/local/lib/python3.12/dist-packages/torch/_subclasses/fake_tensor.py", line 2096, in dispatch
[rank0]:     return self._cached_dispatch_impl(func, types, args, kwargs)
[rank0]:            ^^^^^^^^^^^^^^^^^^^^^^^^^^^^^^^^^^^^^^^^^^^^^^^^^^^^^
[rank0]:   File "/usr/local/lib/python3.12/dist-packages/torch/_subclasses/fake_tensor.py", line 1511, in _cached_dispatch_impl
[rank0]:     output = self._dispatch_impl(func, types, args, kwargs)
[rank0]:              ^^^^^^^^^^^^^^^^^^^^^^^^^^^^^^^^^^^^^^^^^^^^^^
[rank0]:   File "/usr/local/lib/python3.12/dist-packages/torch/_subclasses/fake_tensor.py", line 2755, in _dispatch_impl
[rank0]:     r = func(*args, **kwargs)
[rank0]:         ^^^^^^^^^^^^^^^^^^^^^
[rank0]:   File "/usr/local/lib/python3.12/dist-packages/torch/_ops.py", line 841, in __call__
[rank0]:     return self._op(*args, **kwargs)
[rank0]:            ^^^^^^^^^^^^^^^^^^^^^^^^^
[rank0]:   File "/usr/local/lib/python3.12/dist-packages/torch/_prims_common/wrappers.py", line 309, in _fn
[rank0]:     result = fn(*args, **kwargs)
[rank0]:              ^^^^^^^^^^^^^^^^^^^
[rank0]:   File "/usr/local/lib/python3.12/dist-packages/torch/_compile.py", line 53, in inner
[rank0]:     return disable_fn(*args, **kwargs)
[rank0]:            ^^^^^^^^^^^^^^^^^^^^^^^^^^^
[rank0]:   File "/usr/local/lib/python3.12/dist-packages/torch/_dynamo/eval_frame.py", line 1044, in _fn
[rank0]:     return fn(*args, **kwargs)
[rank0]:            ^^^^^^^^^^^^^^^^^^^
[rank0]:   File "/usr/local/lib/python3.12/dist-packages/torch/_prims_common/wrappers.py", line 149, in _fn
[rank0]:     result = fn(**bound.arguments)
[rank0]:              ^^^^^^^^^^^^^^^^^^^^^
[rank0]:   File "/usr/local/lib/python3.12/dist-packages/torch/_refs/__init__.py", line 1138, in _ref
[rank0]:     a, b = _maybe_broadcast(a, b)
[rank0]:            ^^^^^^^^^^^^^^^^^^^^^^
[rank0]:   File "/usr/local/lib/python3.12/dist-packages/torch/_refs/__init__.py", line 448, in _maybe_broadcast
[rank0]:     common_shape = _broadcast_shapes(
[rank0]:                    ^^^^^^^^^^^^^^^^^^
[rank0]:   File "/usr/local/lib/python3.12/dist-packages/torch/_refs/__init__.py", line 436, in _broadcast_shapes
[rank0]:     torch._check(
[rank0]:   File "/usr/local/lib/python3.12/dist-packages/torch/__init__.py", line 1695, in _check
[rank0]:     _check_with(RuntimeError, cond, message)
[rank0]:   File "/usr/local/lib/python3.12/dist-packages/torch/__init__.py", line 1677, in _check_with
[rank0]:     raise error_type(message_evaluated)
[rank0]: torch._dynamo.exc.TorchRuntimeError: Dynamo failed to run FX node with fake tensors: call_function <built-in function mul>(*(FakeTensor(..., device='cuda:0', size=(32, 2048, 8, 32), dtype=torch.bfloat16,
[rank0]:            grad_fn=<SliceBackward0>), FakeTensor(..., device='cuda:0', size=(1, 1, 2048, 32), dtype=torch.bfloat16)), **{}): got RuntimeError('Attempting to broadcast a dimension of length 2048 at -2! Mismatching argument at index 1 had torch.Size([1, 1, 2048, 32]); but expected shape should be broadcastable to [32, 2048, 8, 32]')

[rank0]: from user code:
[rank0]:    File "/workspace/parameter-golf/train_gpt_v8_xsa_ema.py", line 838, in forward
[rank0]:     x = self.blocks[i](x, x0)
[rank0]:   File "/workspace/parameter-golf/train_gpt_v8_xsa_ema.py", line 751, in forward
[rank0]:     attn_out = self.attn(self.attn_norm(x))
[rank0]:   File "/workspace/parameter-golf/train_gpt_v8_xsa_ema.py", line 654, in forward
[rank0]:     q = apply_rotary_emb(q, cos, sin)
[rank0]:   File "/workspace/parameter-golf/train_gpt_v8_xsa_ema.py", line 604, in apply_rotary_emb
[rank0]:     return torch.cat((x1 * cos + x2 * sin, x1 * (-sin) + x2 * cos), dim=-1)

[rank0]: Set TORCHDYNAMO_VERBOSE=1 for the internal stack trace (please do this especially if you're reporting a bug to PyTorch). For even more developer context, set TORCH_LOGS="+dynamo"

[rank0]:[W321 03:30:30.771509356 ProcessGroupNCCL.cpp:1524] Warning: WARNING: destroy_process_group() was not called before program exit, which can leak resources. For more info, please see https://pytorch.org/docs/stable/distributed.html#shutdown (function operator())
W0321 03:30:30.523000 395254 torch/distributed/elastic/multiprocessing/api.py:908] Sending process 395322 closing signal SIGTERM
W0321 03:30:30.525000 395254 torch/distributed/elastic/multiprocessing/api.py:908] Sending process 395323 closing signal SIGTERM
W0321 03:30:30.526000 395254 torch/distributed/elastic/multiprocessing/api.py:908] Sending process 395324 closing signal SIGTERM
W0321 03:30:30.526000 395254 torch/distributed/elastic/multiprocessing/api.py:908] Sending process 395325 closing signal SIGTERM
W0321 03:30:30.527000 395254 torch/distributed/elastic/multiprocessing/api.py:908] Sending process 395326 closing signal SIGTERM
W0321 03:30:30.527000 395254 torch/distributed/elastic/multiprocessing/api.py:908] Sending process 395327 closing signal SIGTERM
W0321 03:30:30.528000 395254 torch/distributed/elastic/multiprocessing/api.py:908] Sending process 395328 closing signal SIGTERM
E0321 03:30:31.361000 395254 torch/distributed/elastic/multiprocessing/api.py:882] failed (exitcode: 1) local_rank: 7 (pid: 395329) of binary: /usr/local/bin/python
Traceback (most recent call last):
  File "/usr/local/bin/torchrun", line 7, in <module>
    sys.exit(main())
             ^^^^^^
  File "/usr/local/lib/python3.12/dist-packages/torch/distributed/elastic/multiprocessing/errors/__init__.py", line 357, in wrapper
    return f(*args, **kwargs)
           ^^^^^^^^^^^^^^^^^^
  File "/usr/local/lib/python3.12/dist-packages/torch/distributed/run.py", line 936, in main
    run(args)
  File "/usr/local/lib/python3.12/dist-packages/torch/distributed/run.py", line 927, in run
    elastic_launch(
  File "/usr/local/lib/python3.12/dist-packages/torch/distributed/launcher/api.py", line 156, in __call__
    return launch_agent(self._config, self._entrypoint, list(args))
           ^^^^^^^^^^^^^^^^^^^^^^^^^^^^^^^^^^^^^^^^^^^^^^^^^^^^^^^^
  File "/usr/local/lib/python3.12/dist-packages/torch/distributed/launcher/api.py", line 293, in launch_agent
    raise ChildFailedError(
torch.distributed.elastic.multiprocessing.errors.ChildFailedError: 
============================================================
train_gpt_v8_xsa_ema.py FAILED
------------------------------------------------------------
Failures:
  <NO_OTHER_FAILURES>
------------------------------------------------------------
Root Cause (first observed failure):
[0]:
  time      : 2026-03-21_03:30:30
  host      : b4d25366fe37
  rank      : 7 (local_rank: 7)
  exitcode  : 1 (pid: 395329)
  error_file: <N/A>
  traceback : To enable traceback see: https://pytorch.org/docs/stable/elastic/errors.html
============================================================
